ID,Атауы,Күні,Баға,Пікір
183d8506-68a5-440e-8049-c91b11aa7b68,axis-y сыворотка,16.10.2022,5.0,"Достоинства:Найс, обычно не оставляю отзыв (лень), но вы только посмотрите на это. Грех было бы не оставить отзыв.294 человек(а) посчитал(и) отзыв полезным"
99f3c943-0825-462d-a92a-7f82fb05c18b,axis-y сыворотка,16.08.2023,5.0,"Мен қорқып едім подделкасын салып жіберетін шығар деп, оригинал екен, қатты қуандым, рахмет сіздерге.213 человек(а) посчитал(и) отзыв полезным"
18323017-ef37-4ade-8345-ca5acd0faf15,axis-y сыворотка,28.06.2024,1.0,"Отзывтарға қарап заказ бергем, подделкасын салып жвергенотзывтағылар оригинал болган.196 человек(а) посчитал(и) отзыв полезным"
167a85ab-f71b-44e9-b144-eb1a3cc622d0,axis-y сыворотка,27.06.2023,5.0,"Достоинства:Все супер! Доставили быстро и положили разные(а самое главное - нужные) пробники в подарок! Мелочь, но очень приятно) спасибо большое !Комментарий:Всем советую этот магазин.181 человек(а) посчитал(и) отзыв полезным"
b398cee2-5a6c-424e-81c9-0c9dcf053fa0,axis-y сыворотка,29.03.2023,5.0,"Спасибо магазину Красотка и Каспи за предоставленную услугу и оригинальность товара. Курьер очень вежливый. Продукт беру 2 раз. Отличная сыворотка. Работает на все 100%. Нет липкости на лице, впитывает хорошо и с пигментацией справляется на ура, для нас южан немаловажно.155 человек(а) посчитал(и) отзыв полезным"
3f79545b-adb8-4b5e-b5f0-637b8c950689,axis-y сыворотка,26.04.2023,4.0,"Достоинства:Очень увлажняет, быстро впитывается, после себя не оставляет ни липкости ли чувства тяжести, приятно им пользоваться.Комментарий:Результата пока не заметила, но лучше посоветоваться с дерматологом, мне моя сказала, что возможно никакие крема от пятен не помогут и проблема внутри, но все равно пользоваться им приятно.106 человек(а) посчитал(и) отзыв полезным"
d273d206-11ec-454e-96d8-2519d8271717,axis-y сыворотка,18.06.2024,5.0,"The ordinary-ден алдым, бағасы бірақ күнде өзгеріп тұрған сияқты, оригинал екен, тиктоктағы видеомен салыстырып көрдім. Енді қолданып жатырмын, пока что дым дей алмайм, бірақ иісі норм, жидкий емес, кремге ұқсайды сәл, көмектеседі деген ойдамын.69 человек(а) посчитал(и) отзыв полезным"
a6f5ac0f-baef-4241-ad48-ab71bc510499,axis-y сыворотка,20.12.2024,5.0,"Заказ прибыл вовремя. Про серу пока что много чего не могу написать, так как первый день только пользуюсь. После использования кожа стала мягкая и стала немного светлее. Запах сыворотки тоже приятный.49 человек(а) посчитал(и) отзыв полезным"
6923eb76-ee01-4458-906e-dce910d100d4,axis-y сыворотка,11.01.2024,5.0,"Моя любимая сыворотка. Пользуюсь не часто. Когда кожа портится, появляются прыщи, начинаю ее использовать и кожа становится лучше. Думаю приобрести всю линейку. Действующее средство. Не знаю точно свой тип кожи, вроде нормальная, но иногда выходят некие несовершенства в виде прыщиков, забитых пор и черных точек Заказала в магазине Красотка. Оригинал.35 человек(а) посчитал(и) отзыв полезным"
4727cbb4-b98f-40b7-aee5-d5d18fc22c1c,axis-y сыворотка,21.06.2024,5.0,"Алдымен ескерткім келеді отзывтарды тексеруге, подделкаларды байқадым. Мен 1 апта бұрын алдым, бетімде қатты проблема жоқ, бірақ аз да болсын өзгерістер байқадым: камедондар азайды, тегістеле бастады. Сатып алмас бұрын магазиндердің отзывтарын байқадым, оригиналын алдым. Рахмеет Продавец GLAMA, сіздерден басқа да тауарларды бүгін сіздерден алудамын.33 человек(а) посчитал(и) отзыв полезным"
f74790c1-7fb9-4daf-85d9-efedf0a33a08,axis-y сыворотка,19.07.2024,1.0,"Я жертва маркетинга. Сыворотка просто никакущая, эффекта – 0, даже после длительного использования 2 раза в день, утром и вечером. Жалею потраченные деньги, на них могла купить намного более действенный ниацинамид. Не уверена, что это от сыворотки, но у меня полезли ужасные гнойные прыщи (но меняла и другие средства в уходе. Но все же есть риск, что это последствия этой сыворотки). Так же применяла сыворотку на зону декольте – эффекта 0! В общем, не тратьте деньги на эту бесполезную вещь, пожалейте свои деньги. Заказывала у продавца Camellia.32 человек(а) посчитал(и) отзыв полезным"
dfc5932a-d912-4613-a5c9-b4d5749a36a0,axis-y сыворотка,05.10.2024,5.0,"Точно оригинал у KIWANO! Долго искала у кого брать, так как у всех магазинах где стоит дешевая цена подделка! Перед вскрытием обратите внимание на QR код, так как на подделках нарисовано все что угодно, но не такой код! Также перед вскрытием обратите внимание на адрес производителя, должно быть написано именно такой адрес который я показала! Лучше проверку начать с упаковки, так как после вскрытия вам возврат не сделают!31 человек(а) посчитал(и) отзыв полезным"
8400a3fa-dc7b-4e2d-b657-d757306ed4e6,axis-y сыворотка,12.11.2023,5.0,"Доставили через день. Упаковано все было хорошо, однако сама коробка была немного помята. На сам тюбик и ее содержимое это не повлияло. Большое спасибо за своевременную доставку! Про сыворотку: пока только начала пользоваться ею, поэтому сказать что-то не могу. Консистенция немного гелевая и не сразу впитывается в кожу, поэтому лучше использовать задолго до макияжа либо на ночь.29 человек(а) посчитал(и) отзыв полезным"
774d4f59-48c1-40b5-a0e0-7a83f76d9ca6,axis-y сыворотка,21.12.2024,5.0,"Керемет, әсері бір жаққаннан байқалмаса да, екі аптаның ішінде безеулер азайды, бұрынғы қалып қойған орындары ағарды Қолдануға кеңес беремін! Айтпақшы, Posh дүкеніне оригинал сыворотка және сыйлықтарға рахмет.28 человек(а) посчитал(и) отзыв полезным"
5247f589-c68d-442a-9523-a5b91ab88dec,axis-y сыворотка,25.06.2024,5.0,"Два года лечила кожу и без результатов. Недавно узнала про эту сыворотку и отзывы все были хорошие, решила купить. Не пожалела, эффект виден через неделю. Кожа стало лучше, мягкая, белая. Очень понравился, советую.28 человек(а) посчитал(и) отзыв полезным"
caf86d74-81d2-4739-88e5-2004f7183404,axis-y сыворотка,28.12.2023,3.0,"Брала через Кивано, доставили хорошо им спасибо. проблема в самом продукте, комби акне коже не подошел, начались высыпания.26 человек(а) посчитал(и) отзыв полезным"
adc94c11-a7b5-4d5b-9bdf-ce3b637c709c,axis-y сыворотка,03.07.2024,5.0,"Сыворотка ұнады. Консистенциясы жақсы. Жеңіл жағылады. Ең ұнағаны бетке жаққан соң жабыспайды, тез сіңіп кетеді. Акнеларым да сәл ағарып қалды.23 человек(а) посчитал(и) отзыв полезным"
4a98a868-488a-4e80-9a76-76a4f07a0497,axis-y сыворотка,16.08.2024,1.0,"Отзывтар оқып, оригинал деген соң, заказ беріп едім. Екеуі де реплика болып келді. Дозаторы дұрыс жұмыс жасамайды. Крышкасымен қоса жұлынып кете береді.22 человек(а) посчитал(и) отзыв полезным"
1557288d-9028-490c-8735-8005632e94a2,axis-y сыворотка,11.08.2024,1.0,"Al Trand дүкенінің отзывтары оригинал дегеннен кейін заказ беріп едім, подделкасы келді. Возврат жасаймын.22 человек(а) посчитал(и) отзыв полезным"
e20acb7e-0175-45a4-a42a-649d2d833ff2,axis-y сыворотка,28.08.2024,1.0,"Қыздар! Алғаныма өкініп қалдым, дым әсер етпейді, наоборот бетіме угри қаптам, бетім ужас болып кетті! В общем, алмаңдар сол Аксис магазинге заказ бергенмін, алмаңдар!21 человек(а) посчитал(и) отзыв полезным"
430bd356-8a25-4af5-a19d-f43a5a23f17f,axis-y сыворотка,01.04.2025,5.0,"Мне очень понравился этот продукт, хорошо отбеливает кожу и постакне. Я 3 года боролась с прыщиками, лучше этого ничего не помогало. Большое спасибо магазину MIM COSMETICS. Уже 3 раза беру, всегда оригиналы.19 человек(а) посчитал(и) отзыв полезным"
678fcbb6-e969-464a-a5c5-f2090b1ace07,axis-y сыворотка,16.02.2025,1.0,подделка.19 человек(а) посчитал(и) отзыв полезным
41688239-be56-4702-9757-db22e847ed54,axis-y сыворотка,26.07.2024,5.0,Алдын заказ бергенімде подделка болып келген еді. Бұл жолы Zolywka_kz заказ бердім Оригинал келді. Сыртқы каробкасында QR коды және скрытый төрт саны бар. Және ашқан кезде крышкасы сары екен. Подделкасында көк болып возврат жасаған едім. И спасибо за подарок.19 человек(а) посчитал(и) отзыв полезным
5c2f32d0-daa9-4ae6-886d-dcf0ae8d0017,axis-y сыворотка,11.05.2024,5.0,"Спасибо большое, товар оригинал.19 человек(а) посчитал(и) отзыв полезным"
aa42fcf7-12bd-4c57-af45-54682d1bff06,axis-y сыворотка,10.10.2024,1.0,"Продавец Оригинал косметикстан алмандар, паленый салып жіберіпті.18 человек(а) посчитал(и) отзыв полезным"
85df86d0-04ef-41f9-a871-8cb8d27e9613,axis-y сыворотка,08.07.2024,2.0,"Кажется пришел не оригинал, внутри не бежевого цвета, а синего.18 человек(а) посчитал(и) отзыв полезным"
8d2c95be-6a9a-4f62-a541-cca2d2291994,axis-y сыворотка,11.09.2024,1.0,"Оригинал емес, столько ждала. Зачем обманывать людей.17 человек(а) посчитал(и) отзыв полезным"
68813e14-bf72-4a54-ad92-440fcc52c514,axis-y сыворотка,03.09.2024,1.0,Поделка.17 человек(а) посчитал(и) отзыв полезным
e5bb63a1-c316-464b-809d-b90173462c82,axis-y сыворотка,01.08.2024,3.0,ИП моне не оригинал.17 человек(а) посчитал(и) отзыв полезным
02ec428d-ad66-4a12-b886-81840a836a48,axis-y сыворотка,04.03.2025,5.0,"Оригинал, доставили быстро и аккуратно. Спасибо магазину ИП Aidarovna A! Чтобы проверить оригинал или нет, обратите внимание на маленькую зеленую надпись vegan и отверстие квадратное, а не круглое. С другой стороны красная надпись расположена аккуратно и снизу, а не сверху других слов. И в оригинале сверху надпись должна быть- FR73 а не другая. И зеленая линия снизу крышки не должна быть огромной. Если откроете крышу и посмотрите внутренности, то трубочка должна быть желтоватая и сама сыворотка пахнет чем то мятным. При покупке будьте осторожны и если у вас не оригинал, то рекомендую пожаловаться на продавца и постараться вернуть свои деньги. А то, в Каспи стали через чур много пальных продавать и обманывать людей! И кстати, так как у меня остались очень сильно красные пост акне, надеюсь сыворотка поможет. Пользуюсь всего неделю, пока что результата нет!16 человек(а) посчитал(и) отзыв полезным"
2cce4b1d-fd00-4b91-adf6-a6e6d5d1d48c,axis-y сыворотка,30.11.2024,1.0,Блин отзывтарға қарап оригиналын алам деп жүрсем подделкасын алдым көңілім қалды сразу.16 человек(а) посчитал(и) отзыв полезным
874f9508-192d-431b-b6f3-7738ab4de9ef,axis-y сыворотка,27.09.2024,1.0,Подделка уаллахи.16 человек(а) посчитал(и) отзыв полезным
614a4565-b01d-4829-a846-d26f7e932326,axis-y сыворотка,15.08.2024,1.0,Отзывтағы мақтағандай оригинал болмай шықты.16 человек(а) посчитал(и) отзыв полезным
2677a341-30a0-458f-beb9-bf331648f685,axis-y сыворотка,10.07.2024,5.0,"Взяла в магазине ИП MONE. Переживала, что приедет подделка. Получила товар и сразу проверила его - крем оригинал.16 человек(а) посчитал(и) отзыв полезным"
16d163d9-3917-441d-b2b4-036a49606ded,axis-y сыворотка,11.02.2025,1.0,Подделка.15 человек(а) посчитал(и) отзыв полезным
bc31a80d-62ef-41f5-b85b-7622b1d6bc67,axis-y сыворотка,01.09.2024,1.0,Оригинал емес!.15 человек(а) посчитал(и) отзыв полезным
cbad9704-728c-44d9-b20d-8f90b4cbb0c6,axis-y сыворотка,19.08.2024,1.0,"Оригинал емес екен. 2 айдай қолдандым, басында өзі солай обсыпать ететін шығар деп ойлап едім, подделка болып шықты. Сатушы: Cleanser.15 человек(а) посчитал(и) отзыв полезным"
f399d7ac-d83d-49be-a89a-ce77ab4642f7,axis-y сыворотка,16.02.2025,1.0,подделка.14 человек(а) посчитал(и) отзыв полезным
83cfc10e-e020-46f1-ab49-90cdd52e9adf,axis-y сыворотка,23.12.2024,5.0,"Қолданғаныма 3 күндей болып қалды, акнеден қалған іздерін кәдімгідей ашты.14 человек(а) посчитал(и) отзыв полезным"
85f96b89-2318-4e7e-af5f-cc4f6e9f1842,axis-y сыворотка,21.12.2024,5.0,"Не первый раз заказываю его, покраснения ушли и тон кожи стал более ровным, спасибо BB-mania. Все три раза заказывала у этого продавца. Благодарю за подарок, спф крем.14 человек(а) посчитал(и) отзыв полезным"
15ce442f-abb5-43cb-bdeb-235d94de0c6c,axis-y сыворотка,22.08.2024,2.0,Ішіндегісі қайда?.14 человек(а) посчитал(и) отзыв полезным
9af11fb2-b104-4d1e-a11e-24d4a5cbbb46,axis-y сыворотка,22.08.2024,1.0,Отзывтарына қарап берсемде не оргинал келді девочки алданып қалмаңдар.14 человек(а) посчитал(и) отзыв полезным
3ee79d71-f390-447f-a375-828b4ba745a0,axis-y сыворотка,01.08.2024,1.0,Сырты оригиналдікі секілді бырақ поделкасы екінші алмаспын.14 человек(а) посчитал(и) отзыв полезным
1252aaa1-c516-457d-859a-887c65ee8ce8,axis-y сыворотка,16.03.2025,1.0,Не оргинал.13 человек(а) посчитал(и) отзыв полезным
d1e1697d-3f6c-4c45-b8aa-e19e1b93ce45,axis-y сыворотка,20.02.2025,1.0,Поделка.13 человек(а) посчитал(и) отзыв полезным
4da27944-32bf-47f3-966a-f8108af0b3b6,axis-y сыворотка,29.01.2025,1.0,Подделка.13 человек(а) посчитал(и) отзыв полезным
5f28794c-b258-47e1-bf03-6862f05e5196,axis-y сыворотка,26.11.2024,1.0,Ну во первых как будто половины нет! Во вторых перестал работать дозатор! Не советую брать у этого продавца!13 человек(а) посчитал(и) отзыв полезным
8b648af0-a163-451d-925e-43a625e3ddd8,axis-y сыворотка,15.09.2024,1.0,Оригинал емес екен ordinary original дан алып едим.13 человек(а) посчитал(и) отзыв полезным
f173be80-ac2b-4a94-af11-bdf969849b54,axis-y сыворотка,16.02.2025,1.0,Поделка.12 человек(а) посчитал(и) отзыв полезным
d16df303-4bda-460b-9613-5d2022ff8838,axis-y сыворотка,19.07.2024,5.0,"Заказывала в ИП MONE, хорошо упаковано, оригинал.12 человек(а) посчитал(и) отзыв полезным"
1b70bfe8-c64d-4eca-9665-a80e06072fb6,axis-y сыворотка,09.07.2024,1.0,Оригинал емес.12 человек(а) посчитал(и) отзыв полезным
34536ba2-04e8-4139-87d7-8dad062a6e8a,axis-y сыворотка,02.04.2025,1.0,Отзвтарға қарап алған едім өкініп қалдым алғаныма подделка екен алуға кеңес бермеймін іші ауаға толы қолдан жасалған.11 человек(а) посчитал(и) отзыв полезным
3d0d32c6-ce9b-4c77-ac52-b854757f4b6c,axis-y сыворотка,16.02.2025,1.0,Подделка.11 человек(а) посчитал(и) отзыв полезным
7efd3fe1-ae2c-4242-a013-85da704de279,axis-y сыворотка,13.02.2025,1.0,Подделка.11 человек(а) посчитал(и) отзыв полезным
2d64adae-a5c4-463e-852e-f39f80838833,axis-y сыворотка,01.02.2025,1.0,"Очень разочарована данным товаром, начиталась хвалебных отзывов, а по факту лицо высыпало хуже чем было (вообще не подошел товар, плюс в тюбике куча воздуха, нужно нажимать по много раз чтобы хоть что то выдавить! Не стала бы никому советовать ни за что!11 человек(а) посчитал(и) отзыв полезным"
30b57c87-8e89-439f-83ea-b7957b698d2b,axis-y сыворотка,26.01.2025,1.0,Подделка.11 человек(а) посчитал(и) отзыв полезным
b6bc0bb2-b8f2-4552-96d7-95940f8b8c92,axis-y сыворотка,27.12.2024,5.0,"Если думаете заказывать или нет, однозначно да! Очень классная сыворотка. Увидела эффект спустя 4-5 дней, лицо красиво сияет и выглядит здоровее. И реально помогает с пятнами на лице, я та еще акнешница и лицо постоянно красное и с красными пятнами, я думаю если у вас недавно появились эти пятна после прыщей, сыворотка очень хорошо справится с удалением этих следов. У меня пятна есть как старые так и новые, со старыми не прям помог, но краснота все равно исчезла. Текстура приятная и упаковка удобная. Взяла второй раз, магазин BeautyLab отправили все вовремя (второй раз заказ пришел на день раньше), написали на ватсап как только сделала заказ и как только получила его. Цена приятная, закончилась сыворотка у меня за месяц с лишним где-то при использований каждый день два раза (плюс пару раз за неделю могла мазать на проблемные области на теле). Короче рекомендую.11 человек(а) посчитал(и) отзыв полезным"
15fb87b7-7eb4-46eb-9b23-19a6696b53b0,axis-y сыворотка,27.12.2024,3.0,Оригинал емес екен.11 человек(а) посчитал(и) отзыв полезным
05e394ba-f108-487d-b5fc-5af4a9b00893,axis-y сыворотка,11.03.2025,5.0,"Не первый раз приобретаю с магазина Novamanya, всегда оригинальный товар. Очень аккуратно упаковали, что немаловажно. Результат сыворотки напишу после применения, надеюсь что будет.10 человек(а) посчитал(и) отзыв полезным"
20b227a4-4973-4270-af75-28f07cfd965b,axis-y сыворотка,24.02.2025,1.0,Поделка.10 человек(а) посчитал(и) отзыв полезным
8cdad06a-335c-4209-9c13-52ac7d379e57,axis-y сыворотка,23.02.2025,1.0,Ужасный товар.10 человек(а) посчитал(и) отзыв полезным
ae107822-7b1d-40c4-813e-67223d7c6194,axis-y сыворотка,16.02.2025,1.0,Подделка.10 человек(а) посчитал(и) отзыв полезным
b871ae61-e015-44b7-895b-1a3ac07548e8,axis-y сыворотка,08.11.2024,3.0,"Покупала в магазине ИП Exclusive cosmetics, я не знаю оригинал это или нет, но взяла этот нашумевший крем чтобы избавиться от акне, делала все по инструкции (на сухую кожу, похлопывающим движением и т.д., не увидела никакого ВАУ эффекта. Пишу отзыв спустя месяц, а не на следующий день.10 человек(а) посчитал(и) отзыв полезным"
3147c3bc-eddc-4770-bcda-c259da35617a,axis-y сыворотка,19.10.2024,3.0,Оригинал емес.10 человек(а) посчитал(и) отзыв полезным
cf16280d-cab9-44d0-8f00-17894b344995,axis-y сыворотка,26.08.2024,1.0,Оригинал емес өтірік.10 человек(а) посчитал(и) отзыв полезным
6042fd5d-a0b3-40aa-af43-67c09bcc0d55,axis-y сыворотка,10.06.2024,5.0,"Оригинал, проверил через тик ток. Продавец Novamanya. kz.10 человек(а) посчитал(и) отзыв полезным"
fbb13bb6-6418-4150-aab0-e0ea4e61afdd,axis-y сыворотка,12.02.2025,1.0,Подделка.9 человек(а) посчитал(и) отзыв полезным
e8f00967-f25f-41c6-9d8f-7aefacad4c93,axis-y сыворотка,26.11.2024,1.0,"Сырты сырылған, сыворотка ішінде аз ғана, жартысынанда төмен.9 человек(а) посчитал(и) отзыв полезным"
a3fb42bb-ac65-435b-9d40-5fd7d322a1f5,axis-y сыворотка,31.10.2024,1.0,Подделка болып шықты.9 человек(а) посчитал(и) отзыв полезным
209539f0-57e2-4940-8aa1-8b3ad21b6ee9,axis-y сыворотка,10.09.2024,1.0,Оригинал болмай шықты.9 человек(а) посчитал(и) отзыв полезным
2bb36c3a-e7b5-407e-9502-8aac8b4af1c4,axis-y сыворотка,05.09.2024,1.0,"Не покупайте, если хотите здоровую кожу.9 человек(а) посчитал(и) отзыв полезным"
902ef501-4e47-4048-83d0-5f60f85d8190,axis-y сыворотка,25.08.2024,1.0,Оригинал емес алмандар.9 человек(а) посчитал(и) отзыв полезным
79fd02ac-869e-42ce-8443-76481ee70bd3,axis-y сыворотка,16.08.2024,1.0,"Өте нашар, оригинал емес. Алуға кеңес бермеймін.9 человек(а) посчитал(и) отзыв полезным"
3cc8c29a-af7f-49dc-bb70-6aa376dc77cb,axis-y сыворотка,10.06.2024,1.0,Брала в Korean Boom. Сыворотка ужасная. Обсыпало все лицо. Не советую.9 человек(а) посчитал(и) отзыв полезным
0b684433-6796-4309-bf15-529ddf84cf2d,axis-y сыворотка,07.09.2023,1.0,"Вообще сыворотка не понравилась. Липкая и долго впитывается. При этом ниацинамид советуют жирной коже для себорегуляции, а от этой сыворотки никакого эффекта. Пользовалась каждый день + спф. Постакне не осветлились, поры меньше не стали. Из-за липкого финиша хочется поскорее смыть, чешется еще.
Повелась на рекламу западных тиктокеров. P.s. Кожа у меня жирная с высыпаниями.9 человек(а) посчитал(и) отзыв полезным"
4ec10393-bed5-4a02-ad60-c220bb52201f,axis-y сыворотка,16.02.2025,1.0,Подделка.8 человек(а) посчитал(и) отзыв полезным
6157d5c2-5f74-44f0-ab5e-f24f1513460a,axis-y сыворотка,15.02.2025,1.0,подделка.8 человек(а) посчитал(и) отзыв полезным
88fe5bd8-b2b6-4c4b-8ab4-e974322296c8,axis-y сыворотка,13.02.2025,1.0,Оригинал келмеді.8 человек(а) посчитал(и) отзыв полезным
f3116867-6d9b-4479-af53-968d0343b750,axis-y сыворотка,28.01.2025,1.0,Подделка екен.8 человек(а) посчитал(и) отзыв полезным
8815322c-5ca6-4786-95d3-3d7e36982c69,axis-y сыворотка,25.01.2025,1.0,подделка.8 человек(а) посчитал(и) отзыв полезным
772c17d3-bdba-49ce-a564-ac5850444abd,axis-y сыворотка,15.01.2025,1.0,Повелась на отзывы продавцов. Оказалась полная ерунда! Не покупайте в beauty shop!8 человек(а) посчитал(и) отзыв полезным
7d26fadc-a337-4e66-8b80-91ada97d633a,axis-y сыворотка,14.01.2025,1.0,Подделка.8 человек(а) посчитал(и) отзыв полезным
fbdb0954-31d2-4286-a239-8c91a7730cbb,axis-y сыворотка,12.01.2025,1.0,"Сапасы өте төмен болып шықты, қолдан жасалған. Іші толған ауа. Бұл дүкеннен алмаңыздар.8 человек(а) посчитал(и) отзыв полезным"
d9d92087-f27d-47d6-bc21-35bc8dcbd925,axis-y сыворотка,30.12.2024,1.0,"Поделка очень плохого качества, не советую!8 человек(а) посчитал(и) отзыв полезным"
18e62f12-8b55-4406-bd74-0e12bdc9c0ac,axis-y сыворотка,23.12.2024,5.0,"Енді қолданып көремін. Пробник салып жіберіпті, рахмет!.8 человек(а) посчитал(и) отзыв полезным"
740d07bf-d8f6-4606-840a-1e16759236ed,axis-y сыворотка,10.12.2024,1.0,Не оригинал болып шықты.8 человек(а) посчитал(и) отзыв полезным
835849f9-d370-4a15-9509-6495ee7d910d,axis-y сыворотка,30.11.2024,1.0,"Крем неполный пришел, на дне только. И внутренней трубочки нет, чтобы выловить.8 человек(а) посчитал(и) отзыв полезным"
5b933c9b-d859-49e0-8d41-83600e7cc284,axis-y сыворотка,03.11.2024,1.0,Оригинал емесін салып жберіпті комментарийді көріп оригинал салып жатр деп ойлағам. Арзан болған соң алудың қажеті жоқ подделкасын салып жбереді.8 человек(а) посчитал(и) отзыв полезным
3cb71782-3049-4d48-803c-73e2fdee2bc3,axis-y сыворотка,24.10.2024,3.0,Оригинал емес!.8 человек(а) посчитал(и) отзыв полезным
d1a327a2-c4b2-4470-8ee3-e76d79d1919c,axis-y сыворотка,30.09.2024,1.0,Оригинал емес.8 человек(а) посчитал(и) отзыв полезным
06872cb5-6706-4467-83d4-7ca5caaf9132,axis-y сыворотка,19.09.2024,3.0,"novamanya дүкенінен алдым, товар оригинал. Бірақ жертва маркетинга болдым, безеу, пры ик көбейіп кетті( білмим енді оны қалай кетіретінімді.8 человек(а) посчитал(и) отзыв полезным"
d39f4edc-91e0-42a3-98e5-94fe12e4b11d,axis-y сыворотка,15.09.2024,1.0,Поделка.8 человек(а) посчитал(и) отзыв полезным
a18c77c0-8de5-4a16-8227-505263307bc5,axis-y сыворотка,15.09.2024,1.0,Не ориг.8 человек(а) посчитал(и) отзыв полезным
3cdd0f70-1825-44be-8261-2fe26f64b716,axis-y сыворотка,12.09.2024,2.0,"Оригинал емес, ешқандай да пайдасы жоқ. Қолданып жүргеніме 1 ай болды, терім еш өзгермеді. Ақшаларыңызды босқа құртпаңыздар!.8 человек(а) посчитал(и) отзыв полезным"
606f947d-ec80-4d24-937f-8dd200c0a6a4,axis-y сыворотка,23.08.2024,1.0,Поделка.8 человек(а) посчитал(и) отзыв полезным
3176bd63-b3d5-435b-8ed8-53b04457f2f1,axis-y сыворотка,13.08.2024,1.0,Товар плохого качества.8 человек(а) посчитал(и) отзыв полезным
07be8d6e-e5c3-4c08-98c5-462cf18577cb,axis-y сыворотка,01.08.2024,4.0,"100% оригинал, помогает у кого постакне).8 человек(а) посчитал(и) отзыв полезным"
dd7d50f6-880f-4940-a4a2-d1ce84bbd269,axis-y сыворотка,12.07.2024,5.0,"Это просто находка! Купила из-за того, что она стала очень популярной, но это того стоит. Пользуюсь около двух недель (с днем и ночью наношу на места покраснении и пятен после прыщиков. После использования нескольких дней начала видеть результат, лицо перестало краснеть и раздражение тоже ушло. Продукт оригинал ( Topkorean).8 человек(а) посчитал(и) отзыв полезным"
0077d966-2baa-452c-b2f3-4427965b27cf,axis-y сыворотка,10.06.2024,1.0,Не подходит для проблемной кожи после высыпания.8 человек(а) посчитал(и) отзыв полезным
23f4c253-a8fd-4691-8d10-4959d9b66bf2,axis-y сыворотка,08.05.2024,5.0,"The cleanser came in good shape with free face mask, product came ahead of mentioned time. Thank you Kaspi!8 человек(а) посчитал(и) отзыв полезным"
1b997d49-db19-4fb8-bd31-aa9484833639,велик мечты,04.07.2022,5.0,"Достоинства:Качество очень хорошее, на третий день поехал на нем в область, 50км, отлично себя показал. Крепкий, не боится нагрузок, передачи отлично переключаются, вилка отрабатывает все неровности. Хорошая комплектация, за эти деньги лучшего качества не найти, всем советую.89 человек(а) посчитал(и) отзыв полезным"
7c3064e8-501a-4555-a01e-8a9ec3d1267c,велик мечты,04.07.2022,5.0,"Достоинства:Я купил этот велосипед для братишки, мы не могли решиться какой брать, но продавцу спасибо, что помог с выбором, и мы купили велик хорошего качества по приемлемой цене53 человек(а) посчитал(и) отзыв полезным"
03cf6abb-99d8-4e81-9d06-dda50476729e,велик мечты,04.07.2022,5.0,"Достоинства:Хороший и практичныйКомментарий:Мне велосипед очень понравился, видно что качественный. Хорошо едет, удобный, легкий накат и быстро разгоняется, взяла в магазине Velo1 kz, спасибо большое за хороший велосипед29 человек(а) посчитал(и) отзыв полезным"
d369370f-4df9-48b5-859a-4f5365083b4c,велик мечты,04.07.2022,5.0,"Достоинства:Крепкий велосипед. Качество отличное, хороший, прочный велосипед!Комментарий:Отличный магазин, проконсультировали, быстро доставили.26 человек(а) посчитал(и) отзыв полезным"
fe6a1a88-53b6-4c14-a612-06939490e644,велик мечты,04.07.2022,5.0,"Достоинства:Велик очень хороший, удобный, советую, покупайте. Перед этим я смотрел через интернет, все советовали и решили купить, спасибо.Комментарий:Отличный, качественный велосипед за такую цену, другу очень понравилось, оценил систему переключателей и трансмиссию, брендовые L-TWOO, и в целом, велик очень хорош, новинка.21 человек(а) посчитал(и) отзыв полезным"
6d956f2f-976f-4825-9b02-a0c141ec25cb,велик мечты,05.07.2022,5.0,"Отличный и грамотный велосипед. Большое человеческое спасибо доставщикам, поднялись на 5 этаж и занесли домой. Ребята с магазин тоже хорошо проконсультировали и выслали видеоинструкцию по сборке. Молодцы.20 человек(а) посчитал(и) отзыв полезным"
607c585c-2119-429b-8718-99bc5205b76f,велик мечты,01.06.2023,4.0,"Достоинства:Комфортная езда, хорошие покрышки, оснащение, инструкцияНедостатки:Металл, и соединяющие узлыКомментарий:Вообщем купил я этот велосипед, откатал на нем целый день, и в грязи, и по дороге, и по склонам. Выявил следующие проблемы, металл в соединяющих узлах, пластилин, к примеру сиденье если хотите отрегулировать и затянуть, у Вас срежется резьба, фото приложил, далее могут возникнуть проблемы с установкой переднего суппорта тормоза, то ли заводской брак, то ли вилка чуть больше, вообщем при установке она начинается тереться, и затрудняет движение, я его не ставил, передние тормоза лишние, задних вполне достаточно, очень хорошо тормозит. Переключение скоростей шикарное, если хорошо настроить, это не сложно. Само сиденье, ну кому как, мне парню весом 110 кг, 195 см данная сиденье крайне неудобно, сразу обговорите с продавцом этот момент, или попробуйте другой велик с аналогичным сиденьем иначе это второй геморрой. Шины мощные, нареканий не возникло. Педальные катафоты сразу приклейте на AK fix, потому что они слетают сразу как пылинки с посадочного места, катафоты там крепятся двумя язычками из пластика. Нарекание вызвал только металл, но больше косяк производителя. Магазин идет на контакт.12 человек(а) посчитал(и) отзыв полезным"
00dc3dbb-81a1-4b56-94ce-65e829d73da9,велик мечты,16.01.2023,1.0,Недостатки:На второй день педаль сломалась.12 человек(а) посчитал(и) отзыв полезным
c391856a-6790-43b9-9b3d-45ef78b80c05,велик мечты,11.09.2023,2.0,"Мне прислали не ту модель, которая на картинке, но не суть. Не советую брать этот велосипед. Две недели катался нормально, потом все началось - кассета люфтит, 4 раза разбирал руль, передний переключатель сломался, переключатели не отрегулированы, вилка люфтит, иногда цепь перескакивает.10 человек(а) посчитал(и) отзыв полезным"
7dd3ae4e-0f3d-474e-98af-4081e95257f4,велик мечты,04.07.2022,5.0,"Достоинства:Заводской и фирменный. Очень крепкий, хороший накат у велосипеда.Комментарий:Велосипед пришел в коробке, почти собранный. Осталось прикрутить лишь переднее колесо и руль. Все сделали по видеоинструкции, которую выслали ребята из Velo1.kz.  После сборки покатались два дня, все нравится.9 человек(а) посчитал(и) отзыв полезным"
29dc724c-416f-4141-8950-ae33a459a4f4,велик мечты,02.06.2023,5.0,"Достоинства:Идеальное соотношение цена-качество. Дерзкий внешний вид, удобный в эксплуатации, сын 12-им лет остался доволен. Спасибо менеджеру магазина VELO1.KZ Евгению, помог определиться с размерами, помог оформить ускоренную доставку. Выбор делала исходя из отзывов покупателей, которые более менее понимают в технических составляющих)Комментарий:Есть вопросы к доставке. Во время транспортировки повредили внешнюю упаковку, и видимо настолько был сильным удар, что пострадал сам велосипед. Все оказалось поправимо, но первое впечатление испорчено. Каспи магазин, пожалуйста, следите за качеством предоставления услуг доставки товаров. Изделия недешевые.8 человек(а) посчитал(и) отзыв полезным"
ab0354ab-00a2-43a3-b288-17f37e7cea37,велик мечты,03.08.2022,5.0,"Достоинства:Велосипед шикарный, мощный и смотрится дерзко.Комментарий:Доставили раньше указанного срока. Выражаю огромную благодарность консультанту Евгению, который сразу позвонил, узнал кому приобретаю и на какой рост. Подсказал откуда можно вызвать мастера по сбору и скинул дополнительно видео как собирать велосипед.7 человек(а) посчитал(и) отзыв полезным"
c5599547-91dc-4e34-bf06-3c8b2d8ba420,велик мечты,10.05.2023,5.0,"Достоинства:Велосипед для своей цены превосходен! Буквально сегодня поднялся на Медео, чтобы протестировать его. Держит себя уверенно на подъёме и на спуске 100км/ч не вздрогнув руль, сам выбирал его по отзывам и отзывы не подвели. В общем 10 из 10.6 человек(а) посчитал(и) отзыв полезным"
dc76c2db-0fb4-44e2-9529-c330fc9e77a3,велик мечты,04.07.2022,5.0,"Рахмет көп таңдауға көмектескеніңізге, велик ұнады, сапасы жақсы екен.4 человек(а) посчитал(и) отзыв полезным"
cc225a8c-f6f2-4707-a14a-9320ccd99bbe,велик мечты,04.03.2025,5.0,"Хороший велик за свои деньги, после доставки и сборки - заедьте в Велосервис на проверку протяжки болтов, тросиков и исправлению восьмёрок на колесах, а также для настройки трансмиссии. Покупался в магазине Velo1, Евгений, моё почтение, спасибо за консультацию и инструкции.3 человек(а) посчитал(и) отзыв полезным"
44286465-5cef-48e5-b8fb-36d7b5342bb0,велик мечты,27.05.2024,5.0,"Здравствуйте. От велосипеда муж просто в восторге. Собрали его сами. Отрегулировал специалист. Маневренный. Лёгкий ход. Легко управляемый. Красивая конструкция. Шикарный цвет. Специалист сказал, что знаком с этим брендом и велосипед будет служить нам долго. Спасибо продавцам магазина VELO-1kz за ответственный подход к своей работе. Заказ мы сделали 20 мая в 23:00 вечера, а 24 мая до 12 часов дня в Экибастузе нам его доставили. Продавец предложил велосипед синего цвета, так как серого уже не было. Но он оказался какого то сине серого благородного цвета. Очень красивый. Так же нам выслали видео сборки и предложили помощь если будут какие-нибудь трудности. Побольше покупателей таким продавцам. Так же спасибо курьеру, который занёс заказ прямо в квартиру на третий этаж. В общем от этой покупки и короткого общения с людьми осталась большая радость на душе. Ещё раз спасибо.3 человек(а) посчитал(и) отзыв полезным"
d1f30238-8eaf-493e-9a0d-48d0ca479009,велик мечты,03.07.2023,5.0,"Достоинства:Качественный, удобный, в комплекте много всякого есть.Комментарий:Продавец Velo1_kz доставили велосипед в собранном виде, за что отдельное спасибо.3 человек(а) посчитал(и) отзыв полезным"
3cbcca05-a15c-4a15-920e-a80140f637c2,велик мечты,19.04.2023,5.0,"Достоинства:Отличный велик, сын доволен, настоящие профи, благодарю!Комментарий:Все супер. Оперативно привезли и все настроили! Рахмет!3 человек(а) посчитал(и) отзыв полезным"
b63c3f8e-10b0-4914-9dfb-eb2011a84267,велик мечты,26.03.2023,5.0,"Достоинства:Хороший, качественный велосипед, 21 стальная рама, 27.5 дюйма колеса. Комплектация хорошая.Комментарий:Спасибо магазину velo1.kz, оперативно обработали заказ, созвонились и уточнили детали. Быстро доставили, сборку велосипеда сделали бесплатно, проконсультировали. Уровень обслуживания на высоте. Спасибо Евгению и курьеру.3 человек(а) посчитал(и) отзыв полезным"
cf7ea232-45a8-425c-830b-8df19ba988d6,велик мечты,06.04.2025,5.0,"Спасибо магазину VELO1, всё рассказали, подобрали ещё и приятные подарки подарили. Доставили быстро, в сборке, что тоже приятный бонус. Крутой велосипед.2 человек(а) посчитал(и) отзыв полезным"
8c3981a3-878b-495f-b5d6-0e7bba1a7dc6,велик мечты,06.08.2024,5.0,"Велосипед отличного качества, внуку очень понравился, отдельное спасибо менеджеру Евгению, который ответил на все наши вопросы. Но самое трудное это была сборка велосипеда, поэтому хотелось бы предложить магазину, чтобы вместе с товаром. Покупателю отправляли телефон мастера по сборке велосипеда, в том городе, где проживает покупатель. Например я живу в Актау, сами собрать велосипед не смогли, пришлось мне целый день искать мастера, еле как нашла. Теперь, если кто-то будет из Актау покупать велосипед, у меня есть телефон мастера.2 человек(а) посчитал(и) отзыв полезным"
086efbd0-e2a6-4027-b1c7-e1a7bffc973a,велик мечты,18.05.2023,5.0,"Достоинства:Классный велосипед!Комментарий:Спасибо магазину, доставили раньше времени!2 человек(а) посчитал(и) отзыв полезным"
19d8908c-a93d-4039-9244-2b53baf532ef,велик мечты,21.04.2023,5.0,Отличный велосипед. Доставили раньше срока. Спасибо за хороший сервис.2 человек(а) посчитал(и) отзыв полезным
0ac4bcd2-dce9-44f0-b9b0-52a6b38238ea,велик мечты,24.08.2022,5.0,"Достоинства:Сидушка удобная, хорошее качество за свою цену,2 человек(а) посчитал(и) отзыв полезным"
e240f874-0ac2-419f-8279-ec1b89c0544f,велик мечты,25.07.2022,5.0,"Достоинства:Упаковано отлично, доехал без единой царапины. Велик лёгкий, едет супер. Быстрая доставка.Недостатки:Переднее крыло уже 2 раза выпадало, крепится ненадёжно. Самому надо дорабатывать. Взял кусок от шланга, пока держится.2 человек(а) посчитал(и) отзыв полезным"
decca16c-f2e5-4842-a280-56a989893b58,велик мечты,17.04.2025,5.0,"Курьеру спасибо, привез даже раньше. Велосипед в хорошем состоянии. Спасибо, нам очень понравился товар.1 человек(а) посчитал(и) отзыв полезным"
7d214b99-ea74-44ae-b925-75e5ff0b483c,велик мечты,17.04.2025,5.0,"GESTA T  X1000-9027 27. 5 дюйм маркалы велосипеді керемет! Ұлыма қатты ұнады. Бағасына сапасы тұрады. Магазин Velo1kz көп рахмет! Әсіресе Евгенийге алғысым шексіз! Сыпайы, өз жұмысын жақсы біледі. Жауапкершілікшілігі мол. Велосипедті құрастыру үшін видеоны бірден жіберді. Көп рақмет!.1 человек(а) посчитал(и) отзыв полезным"
d21cbc54-2fa1-4a1d-b222-9d57ac530bd7,велик мечты,16.04.2025,5.0,"Всем доброго времени суток. Приобрел себе данный агрегат. Покупкой доволен. За подарки и консультацию отдельное спасибо. По велосипеду нарекании нет, все комплектующие намести. Единственное есть пару царапин на вилке, но это не критично. Собирал у вело мастер отдал 5 тыс. Езжу вторую неделю. В общем класс. Привет из Павлодара.1 человек(а) посчитал(и) отзыв полезным"
8a6186fd-785e-478c-beb1-5c7cbfa52f2c,велик мечты,10.04.2025,5.0,"Спасибо за оперативную работу командой, доставили вовремя, велосипед качество огонь, мне очень понравился.1 человек(а) посчитал(и) отзыв полезным"
5670d224-37dc-49f0-990c-ba50efc83929,велик мечты,08.04.2025,5.0,"Отличный велосипед, все собрано по уму, качество на высшем уровне. Продавцу отдельно спасибо, помог при сборке и т. д. Рекомендую.1 человек(а) посчитал(и) отзыв полезным"
db1f26c4-5f1c-46b0-b22b-ff419381dcf4,велик мечты,06.04.2025,5.0,"Спасибо за велосипед, по качеству понравился магазину Велодин, большое спасибо за сервис, точка накат, хороший.1 человек(а) посчитал(и) отзыв полезным"
01c8ab96-5de0-42c5-bb14-3990efbd4754,велик мечты,31.03.2025,5.0,Велосипед отличный. Менеджер уточнил все размеры. Очень удобно. Спасибо большое продавцу.1 человек(а) посчитал(и) отзыв полезным
9a6efae2-4bcc-4ab7-bf33-fb55f026ce8e,велик мечты,28.03.2025,5.0,"Очень хороший вариант для подарка, спасибо магазину, позвонили, показали, объяснили, доставили вовремя, собрали в подарок.1 человек(а) посчитал(и) отзыв полезным"
cef9eb7d-bab4-4a58-b6c7-c0904df11791,велик мечты,10.02.2025,5.0,Отличный велосипед. Сыну понравился.1 человек(а) посчитал(и) отзыв полезным
2e7503da-7c93-4eea-83aa-d85f954cb268,велик мечты,22.11.2024,5.0,"Судя по упаковке и качеству деталей, велосипед очень хороший. Пока не успели собрать и опробовать.1 человек(а) посчитал(и) отзыв полезным"
0cf8d2e1-a747-4671-a717-40896ae187f7,велик мечты,02.10.2024,5.0,"Отличный велосипед, сразу видно качественный, заказ пришел вовремя. Спасибо магазину Velo-1.1 человек(а) посчитал(и) отзыв полезным"
eebb1a99-5d50-408b-a76b-5662fd3ebf9f,велик мечты,31.07.2024,5.0,"Приобрели сыну, подарок на ДР очень классно выглядит. Продавец бонусом предложил собрать и все настроили, очень хорошая функция. Доставку осуществили в течение 2, 5 часов. Желаю успехов и хороших продаж!1 человек(а) посчитал(и) отзыв полезным"
2e2ef884-dcde-433a-a16c-185f482c63a1,велик мечты,28.06.2024,5.0,"Спасибо большое магазину VELO, купили 2 велосипеда: Gestalt HX1000-9027, у мальчиков эмоции зашкаливают. Товар пришёл в разобранном виде, брат очень быстро собрал. Все детали в комплектации имеются. Спасибо за подарки. А теперь отдельная, огромная благодарность продавцу Евгению, молодец, очень внимательно отнёсся к покупке и рекомендовал, что лучше подобрать. Очень довольны и дети и мы, родители.1 человек(а) посчитал(и) отзыв полезным"
0c824652-7426-4c6a-a634-f73a71e3f437,велик мечты,06.04.2024,5.0,"Спасибо магазину VELO1_KZ, приобрели 2 велосипеда, консультанты вежливо проконсультировали, доставка день в день! Велосипедом довольны!1 человек(а) посчитал(и) отзыв полезным"
4d272d15-5c63-4882-96a3-9b996e872a68,велик мечты,28.03.2024,5.0,"Отличный велосипед за эту сумму. Ребёнок катается с удовольствием. Лёгкий ход. К сожалению, в комплекте не оказалось фонарика. Продавец несколько раз с нами связывался, давал советы и рекомендации. Доставка раньше указанного срока. Спасибо, очень довольны.1 человек(а) посчитал(и) отзыв полезным"
a854a594-e77f-48fa-bba1-a50b9eef2278,велик мечты,17.03.2024,5.0,Отличный велосипед! Ребята из компании доставили быстро! Сборка качественная!1 человек(а) посчитал(и) отзыв полезным
1d43ec07-c93a-4d94-a970-30e9c75991c4,велик мечты,22.10.2023,5.0,"Велосипед получили очень быстро. Сын очень доволен. Рама мощная, амортизаторы по горам выдерживают, результат превзошёл все ожидания.1 человек(а) посчитал(и) отзыв полезным"
2c6949f9-3165-46ad-b129-203e555ec40c,велик мечты,19.10.2023,5.0,"Классный велосипед! Сомневались, что будет большой на мой рост 168, села, очень удобно, доставка супер, подробно все объяснили!1 человек(а) посчитал(и) отзыв полезным"
9bf0683a-8d17-4efb-9b5e-fc1b37dd57e7,велик мечты,24.08.2023,5.0,"Сын в восторге, цвет и вид красивый. Магазину velo1_kz спасибо упаковали на совесть и ещё отправили видео где подробно показано как собрать велосипед.1 человек(а) посчитал(и) отзыв полезным"
c8905879-94a1-40e6-bede-559db6ca2aee,велик мечты,19.07.2023,5.0,"Достоинства:Хороший велосипед!Комментарий:Супер велосипед, парни молодцы, все вовремя сделали и доставили. Обслуживание и внимание в сторону клиента - все на высшем уровне.1 человек(а) посчитал(и) отзыв полезным"
3c6409ab-388d-4d49-b0ff-6710a5dbdba2,велик мечты,18.07.2023,5.0,"Достоинства:Жақсы сапа, мощный.Комментарий:Әдемі, рахмет вело1 магазиніне, бәрі ұнады, четко.1 человек(а) посчитал(и) отзыв полезным"
a1ab0f03-60db-42c4-8328-6b7a27698927,велик мечты,18.07.2023,5.0,"Достоинства:Жақсы.Комментарий:Жиналып тұрған түрде магазиннен алып кеттім, рахмет!1 человек(а) посчитал(и) отзыв полезным"
f2ed28b9-3a08-4d0a-a272-1285dabd40d5,велик мечты,16.07.2023,5.0,"Слов нет, супер велосипед.1 человек(а) посчитал(и) отзыв полезным"
d18b7a7f-2d5b-48e5-8e6c-706b1a405b67,велик мечты,15.07.2023,5.0,"Супер велик, парни молодцы, все вовремя сделали и доставили. Обслуживание и внимания в сторону клиента все на высшем уровне.1 человек(а) посчитал(и) отзыв полезным"
f9e2f5fa-b542-40e8-9f4c-25391503f9d5,велик мечты,15.07.2023,5.0,"Обслуживание супер, продавец консультант Антон все хорошо объяснил, покупкой доволен.1 человек(а) посчитал(и) отзыв полезным"
98d04968-6df1-4a30-b129-5e2ab2e4b6c6,велик мечты,10.07.2023,5.0,Достоинства:Отличный велосипед.Комментарий:Комплектация вся есть. Привезли раньше обещанного!1 человек(а) посчитал(и) отзыв полезным
c56506f9-8aa8-45a1-91cb-d3b10b07209a,велик мечты,06.07.2023,5.0,"Достоинства:Все супер.Недостатки:Попа болит, после долгого катания.Комментарий:Это просто чудо. Я ждал данный велосипед так сильно, что отсчитывал каждый день и каждый час доставки 
велосипед настолько супер, что когда ты на нем едешь, радуешься от поездки.1 человек(а) посчитал(и) отзыв полезным"
a9c43223-dbf7-4179-bbff-670719a65076,велик мечты,01.07.2023,5.0,"Достоинства:Отличный велосипед.Комментарий:Хорошее качество, заказала в магазине вело1 все понравилось, хороший вело поднимает 2 человека легко.1 человек(а) посчитал(и) отзыв полезным"
cc4bd8e1-7803-45e1-96be-9f5d81c25edf,велик мечты,24.06.2023,5.0,"Достоинства:Хорошее качество, отзывчивость продавца, привлекательный внешний вид.Недостатки:В комплекте бутылек для воды, низкого качества.Комментарий:Честно признаться, за месяц после покупки ездил всего один раз. Так что мой отзыв будет слегка поверхностный. Хочу похвалить магазин Velo1 (ничего не проплачено) за отзывчивость и звонок с вопросами уточнения, о росте и цвете модели. Также прошу тех кто прочитает этот отзыв, либо сам Каспи показывать в будущем отзывы и информацию о магазине с которого был куплен товар, чтобы покупателю было легче сориентироваться. В целом велосипед прочный, красивый, в комплекте единственное что не понравилось это бутылка для питья. Она была с резким запахом пластика, можно сразу выбрасывать. Велосипед собрал сам, если немного повозиться то и у вас получиться. А если не уверены отдавайте в вело. сервисный центр для сборки. О покупке не жалею и вам советую.1 человек(а) посчитал(и) отзыв полезным"
801bceb3-1e95-4f7f-aaea-de0e6cc1a424,велик мечты,19.06.2023,5.0,"Доставка  вовремя, велик классный.1 человек(а) посчитал(и) отзыв полезным"
0784c1ff-bae1-407e-9c3e-3e6c3817e6b0,велик мечты,13.06.2023,5.0,"Достоинства:Удобный, легкий!Комментарий:Связались сами, сделали бесплатную доставку и сборку, и все это за один день,  очень вам благодарна)1 человек(а) посчитал(и) отзыв полезным"
fee836d1-9ed7-45f8-a106-d33d4eab72bc,велик мечты,12.06.2023,5.0,"Велик өзіме ұнады. Магазин сатушысына рахмет, барлығын түсіндірді. Доставкы тез жасады. Рахмет.1 человек(а) посчитал(и) отзыв полезным"
84f8e357-df53-4964-84f4-4aa0d769dba6,велик мечты,08.06.2023,5.0,"Достоинства:Велосипед компании Gestalt одни из лучших, красивый внешний вид.Комментарий:Оригинальные 24-х скоростные переключатели. Как раз искала на подарок сыну - огромное спасибо.1 человек(а) посчитал(и) отзыв полезным"
4bb63ee1-f2eb-46f2-bcb9-5700ed06d8c2,велик мечты,05.06.2023,5.0,"Велик супер, привезли вовремя, сделали так я просила руль повыше сделали, спец трубкой, парень с доставки все объяснил, показал, спасибо магазину velo1.1 человек(а) посчитал(и) отзыв полезным"
cd1f0a8f-a640-4ef6-955b-3344a63a5584,велик мечты,07.05.2023,5.0,"Достоинства:Супер, большой, брала дочери в подарок, очень понравился)Комментарий:Спасибо Каспи, за возможность дарить радость своим близким!1 человек(а) посчитал(и) отзыв полезным"
4d92e8a7-a33c-498e-885d-43fb4153e63d,велик мечты,05.05.2023,5.0,"Достоинства:Отличный велосипед, брала мужу на праздник, понравился!Комментарий:Спасибо сотрудникам Velo01, быстро доставили, еще и сборку сделали.1 человек(а) посчитал(и) отзыв полезным"
fd96e6d9-0ade-4b57-a2cd-19710aded332,велик мечты,24.04.2023,5.0,"Достоинства:Велосипед хороший.Комментарий:Быстрая доставка, заказал в магазине Вело 1, спасибо.1 человек(а) посчитал(и) отзыв полезным"
9b4ce29d-447c-4a87-8b0d-92f95b164b52,велик мечты,16.04.2023,5.0,Достоинства:Отличного качества.Комментарий:Заказал 2 велосипеда в магазине вело 1 очень понравились велосипеды хорошего качества и обслуживание на уровне советую.1 человек(а) посчитал(и) отзыв полезным
16834a1a-da20-4459-832d-bea013b12b9d,велик мечты,01.04.2023,5.0,"Достоинства:Отличный велосипед по доступной стоимости. Купил через магазин Velo1_kz. Доставку осуществили в течение трёх часов. Велосипед понравился своим внешним видом, а после того как прокатился, понял что выбрал эту модель не зря. Очень удобный с плавным ходом. Доволен своей покупкой.Комментарий:Велосипед укомплектован бутылкой для воды, сумкой для инструментов и мелочей, а так же велозамком.1 человек(а) посчитал(и) отзыв полезным"
64ed3a9c-23d0-435d-aa8d-6e56af47e952,велик мечты,01.04.2023,5.0,"Достоинства:Привезли в день заказа, вообще слов нет, все четко, супер,  обслуживание на высшем уровне, это уже вторая покупка в магазине Velo1.kz, ребята вежливые, велосипед привезли в собранном виде, полная комплектация, мощно1 человек(а) посчитал(и) отзыв полезным"
2821cc97-70e2-468b-92a4-3d16d8acc14e,велик мечты,29.03.2023,5.0,"Достоинства:Очень хороший велосипед! Всё устраивает, всем доволен.Комментарий:Доставили раньше срока!1 человек(а) посчитал(и) отзыв полезным"
d144281e-8fbb-4c27-9b9b-17a0518309d3,велик мечты,23.03.2023,5.0,"Достоинства:Очень хорошего качества!Комментарий:Классный, высокий велосипед. Я в восторге! Спасибо за быструю доставку!1 человек(а) посчитал(и) отзыв полезным"
46f80bd2-7995-4f13-965e-d1c402b300e0,велик мечты,16.03.2023,5.0,"Достоинства:Лёгкий. Качественный.Комментарий:Велик супер! Это мерседес среди великов. Рама лёгкая, как раз для активного катания. Магазин вообще молодцы. Оператор и доставщик-one love! Все понятно объяснили, показали, а самое главное, что собрали и привезли мне его до квартиры. В общем я в восторге!1 человек(а) посчитал(и) отзыв полезным"
69255b80-3052-4509-b8b1-3470cbff4476,велик мечты,10.03.2023,5.0,"Достоинства:Отличный велосипед, очень понравился.Комментарий:Отличный продавец, грамотно проконсультировали, в подарок положили насос, доставка раньше срока, было очень приятно иметь с ними дело.1 человек(а) посчитал(и) отзыв полезным"
2cfd5674-8487-4c76-b43a-e1918f03be1a,велик мечты,06.03.2023,5.0,"Достоинства:Велик отличный, купили сыну, очень понравился, легко едет и мягкий, скорости переключаются отлично. Сын доволен.Комментарий:Спасибо большое за отличный товар. Спасибо, что позвонили  проконсультировали. Доставку сделали раньше, курьер очень вежливый.1 человек(а) посчитал(и) отзыв полезным"
76478ba5-689d-48fc-94aa-a453c52906f9,велик мечты,04.03.2023,5.0,"Достоинства:Усиленный рама, качество очень хорошее, внешний вид.Комментарий:Сервис обслуживание на урове, курьер все объяснил.1 человек(а) посчитал(и) отзыв полезным"
03157069-d227-4173-a4a1-529e752d673d,велик мечты,30.10.2022,5.0,"Достоинства:Качество хорошее.Комментарий:Отличный велосипед за эти деньги, лучшее предложение.1 человек(а) посчитал(и) отзыв полезным"
d542878e-8986-4997-8d36-88e1039c2481,велик мечты,05.09.2022,5.0,Быстро привезли.1 человек(а) посчитал(и) отзыв полезным
eb55c2b2-1812-421a-9f21-f6c9a9645825,велик мечты,25.08.2022,5.0,"Достоинства:Качество на высоте.Комментарий:Хочу поблагодарить магазин Velo1_kz и, конечно же, их персонал за их сервис, за работу с клиентами. Ребята молодцы, помогли, подсказали, настоящие специалисты своего дела. Евгений и Антон, от души вам благодарен!1 человек(а) посчитал(и) отзыв полезным"
387924fe-cb8c-4c04-ac94-9b684628c05a,велик мечты,24.08.2022,5.0,"Достоинства:Спасибо, все понравилось)Комментарий:Я не пожалел, что купил)1 человек(а) посчитал(и) отзыв полезным"
b807442e-d6d4-4a2f-ac40-ee650d285637,велик мечты,18.08.2022,5.0,Велосипед сыну очень понравился. Сервис магазина на высшем уровне. Менеджер Евгений всё объяснил и помог в выборе велосипеда. Спасибо.1 человек(а) посчитал(и) отзыв полезным
46819043-c921-4b11-95e4-f3977c8b3acd,велик мечты,15.08.2022,4.0,"Достоинства:Всё как бы соответствует, понравилось.Недостатки:Нужно настроить цепь, мы обратились специалисту.1 человек(а) посчитал(и) отзыв полезным"
03bab7cf-635f-4a50-a8a5-00c981687b99,велик мечты,14.08.2022,4.0,"Доставили на один день позже.Велосипед был доставлен с браком. Но созвонились с продавцом объяснили, поменял сразу, за это респект. Но пришлось отправлять и так же получать.В целом, нормально.1 человек(а) посчитал(и) отзыв полезным"
977007ad-82f0-4d55-a4e3-9b34f0283ee8,велик мечты,12.08.2022,5.0,"Достоинства:Отличный велосипед! Сногсшибательный.Комментарий:Быстро привезли, раньше срока.1 человек(а) посчитал(и) отзыв полезным"
6b7c2796-1bf5-4511-a304-fcb9504068d9,велик мечты,11.08.2022,5.0,Достоинства:Крутой велик.1 человек(а) посчитал(и) отзыв полезным
a2771db2-f943-4129-9b34-6dec908037f2,велик мечты,09.08.2022,5.0,"Грамотный, вежливый менеджер.1 человек(а) посчитал(и) отзыв полезным"
f3d53db6-2314-4d7d-9da4-11ad28d03eeb,велик мечты,09.08.2022,4.0,"Достоинства:На большое расстояние ещё не оценили, пока всё отлично, всё устраивает.Недостатки:Перед поворотом ноги задевают колёса, расположение слишком близкое.Комментарий:Собрали только вчера, вроде всё нормально, жаль, что насоса нет. Пока всё устраивает, качество соответствует цене.1 человек(а) посчитал(и) отзыв полезным"
c01fa1bc-074b-459f-827e-5d5bd72b4750,велик мечты,04.08.2022,5.0,"Достоинства:Хороший велосипед, доволен покупкой, в управлении удобный, в повороты заходит хорошо, резина хорошая, в повороте хороший зацеп.1 человек(а) посчитал(и) отзыв полезным"
a2c507be-a37a-46d9-8933-18e291d5c94b,велик мечты,03.08.2022,5.0,Достоинства:Супер.Комментарий:Отличный сервис.1 человек(а) посчитал(и) отзыв полезным
2764cf42-895d-4deb-93e1-08bdd007aa84,велик мечты,03.08.2022,5.0,"Достоинства:Хороший велик.Недостатки:Велик тяжелый. К сожалению, стальные рамы.Комментарий:Достоин похвалы менеджер Женя из Velo1_kz! В такую же цену был велосипед с алюминиевой рамой, но чуть меньше размером, чем этот. А мы хотели купить для мальчика 9 лет. Все четко сделал Женя и без лишних заморочек! Мы ушли более чем довольными. Все-таки велосипед лучше покупать с самовывозом. Рекомендую только это и, конечно же, Velo1_kz.1 человек(а) посчитал(и) отзыв полезным"
b78aac67-3ef3-415f-836b-267a3a53640f,велик мечты,02.08.2022,5.0,Отличный велосипед! Быстро доставили. Спасибо большое.1 человек(а) посчитал(и) отзыв полезным
c196217b-4680-4cd6-851e-f12aa6bd650c,велик мечты,31.07.2022,5.0,"Достоинства:Хороший накат и качество.Комментарий:Качественный и прочный, дочка довольная, хорошая комплектация. Ребята с магазина Velo1kz все объяснили и привезли. Мы очень довольны.1 человек(а) посчитал(и) отзыв полезным"
05af94d4-f553-4a29-bc45-ad6e5ee0efc0,велик мечты,30.07.2022,5.0,Достоинства:Велосипед просто супер! Четкий и качественный. Мне и мужу очень понравился.1 человек(а) посчитал(и) отзыв полезным
52bc0ad2-1133-460f-bdec-29e2af8311d7,велик мечты,26.07.2022,5.0,Достоинства:Велик в своем сегменте отличный.1 человек(а) посчитал(и) отзыв полезным
1bf693a1-717e-4cf3-8ffd-345dc52b4999,велик мечты,11.07.2022,5.0,"Достоинства:Крепкий, универсальный.Комментарий:Надежный и удобный велосипед! Стоит своих денег!1 человек(а) посчитал(и) отзыв полезным"
4314c657-7f44-4160-acc5-d7a7e572baed,велик мечты,24.04.2025,5.0,"Велосипед в целом неплох. Ожидания оправдали себя. Продавцы данного магазина все сделали, чтобы клиент остался доволен. Советую данный велосипед для габаритных людей.0 человек(а) посчитал(и) отзыв полезным"
fbaea577-fb96-4472-b884-5531817f7824,велик мечты,23.04.2025,5.0,"Велосипед классный, удобный в катании, сыну заказывала, ему очень понравилось и мне тоже, довольны выбором, советуем в покупке, привезли в сборе, что очень радует, доставку сделали своевременно и быстро, так же менеджер проконсультировал и всё объяснил, за что всем большо. Всем большо. Велосипед классный, удобный в катании.0 человек(а) посчитал(и) отзыв полезным"
4dc571f3-6e55-4ada-bd26-4f5116e16fc9,велик мечты,19.04.2025,5.0,"Получил в/у велосипед, в полуразобранном виде. Хорошо упакован. Продавец отправил видео инструкцию по сборке, тем самым я легко собрал. Видео инструкция очень полезная. Прокатился, понравился. Рекомендую данный велосипед!0 человек(а) посчитал(и) отзыв полезным"
1f7e70a3-fd32-4f82-9da5-1a38140e1ed6,велик мечты,16.04.2025,5.0,Велосипед супер.0 человек(а) посчитал(и) отзыв полезным
c2d37f02-9b30-493c-a902-2fa586c95a63,велик мечты,16.04.2025,5.0,"Велосипед супер, сын доволен. Катаемся всей семьей. Продавец позвонил, уточнил нужные моменты и отправил велосипед. Знакомые тоже взяли такой же велосипед.0 человек(а) посчитал(и) отзыв полезным"
bae9a955-b806-40f9-9615-31581ac0a4dc,велик мечты,16.04.2025,5.0,"Все отлично, качество, быстрая доставка. Рахмет магазину.0 человек(а) посчитал(и) отзыв полезным"
cd352c64-447d-417b-a5f7-8d294166592d,велик мечты,14.04.2025,5.0,"Велосипед огонь! Сын очень доволен. Качество супер, доставка быстрая, продавец очень вежливый. Советуем всем.0 человек(а) посчитал(и) отзыв полезным"
a60c382f-cb6c-4f17-9a5e-7bcac2c7b22f,велик мечты,14.04.2025,5.0,"Товар отличный, очень понравилось, доставили в обещанный срок.0 человек(а) посчитал(и) отзыв полезным"
96739e9b-6c4c-4bab-9753-d32852824d9c,велик мечты,14.04.2025,5.0,"Отличный велосипед! Лёгкий, надёжный и удобный, ребёнок сразу освоился и катается с удовольствием. Качество сборки на высоте, всё работает чётко. Рекомендую! Отдельное спасибо магазину за профессионализм, продавцы сразу связались и настроили велосипед по росту ребёнка.0 человек(а) посчитал(и) отзыв полезным"
4a52ff1a-595f-497a-85b1-f05e3494eb87,велик мечты,14.04.2025,5.0,Отличный товар. Прибыл на один день раньше.0 человек(а) посчитал(и) отзыв полезным
5099bd44-acb0-4805-ba14-6328a3e93cad,ватный диск,23.05.2022,5.0,Достоинства:Не оставляет ворсинок как другие диски.46 человек(а) посчитал(и) отзыв полезным
8ed0901a-0a6a-4c88-9dff-72a70b3961d0,ватный диск,06.07.2022,5.0,"Достоинства:Хорошее качество, не тонкие, мягкие.34 человек(а) посчитал(и) отзыв полезным"
263bcd29-af18-4867-8570-9873d218ffe2,ватный диск,11.03.2023,5.0,Отличные диски.19 человек(а) посчитал(и) отзыв полезным
2503b447-2000-42e4-a6fc-2e211a263b3a,ватный диск,23.08.2022,5.0,Достоинства:Качество супер. Всегда берем.18 человек(а) посчитал(и) отзыв полезным
ccba020b-b602-46f1-b849-0e58c61aff0c,ватный диск,19.07.2022,5.0,"Достоинства:Плотные, в тоже время мягкие спонжи.Комментарий:Использовала разные виды, но эти оказались лучше всех.16 человек(а) посчитал(и) отзыв полезным"
56498128-4938-4f4d-a6f2-ead9cfad17b8,ватный диск,08.05.2022,5.0,Самые лучшие.16 человек(а) посчитал(и) отзыв полезным
a63e7c82-0c05-463a-9697-5b52f95118bb,ватный диск,21.06.2023,5.0,"Достоинства:Классные ватные диски, качественные. Мне очень нравятся и количество предостаточное.Комментарий:Спасибо Магнум, курьеру за быструю доставку, а также Каспи.8 человек(а) посчитал(и) отзыв полезным"
d62398bf-32a9-4f0f-9600-084cc746842e,ватный диск,07.04.2023,5.0,"Достоинства:Ватные диски очень приятные и мягкие на ощупь. Плотные, не разваливаются.8 человек(а) посчитал(и) отзыв полезным"
18b5a76d-1dd9-4ada-8e3f-6c23c7e4efeb,ватный диск,02.04.2023,5.0,Достоинства:Отличный товар.Комментарий:Быстрая доставка.8 человек(а) посчитал(и) отзыв полезным
3837ecf3-a6fb-4054-adc1-8bec3db57911,ватный диск,10.08.2022,5.0,Достоинства:Экономичная упаковка.8 человек(а) посчитал(и) отзыв полезным
dac56893-8829-4c4d-a613-edb245545deb,ватный диск,19.04.2022,5.0,Достоинства:Лучшие.8 человек(а) посчитал(и) отзыв полезным
8dbdb713-7d86-462e-8d2d-9ed20944cdac,ватный диск,25.05.2022,5.0,"Достоинства:Хорошие диски, соответствуют описанию.7 человек(а) посчитал(и) отзыв полезным"
ab57e367-13f0-4bea-85e1-ec6436694861,ватный диск,09.12.2021,5.0,Всегда беру спонжики этой фирмы.7 человек(а) посчитал(и) отзыв полезным
d46e8491-063c-45e4-8ce8-99a9d3ec2a2a,ватный диск,19.06.2024,5.0,"Обожаю эту марку Cotton, они более мягкие и прочные чем другие, всегда пользуюсь только ими! Спасибо магазину, доставка вовремя! Теперь буду заказывать только в магазине ИП Меридиан).4 человек(а) посчитал(и) отзыв полезным"
8632f078-12b7-47a3-a4d4-ad510f33f933,ватный диск,11.06.2024,5.0,"Классные, спасибо за конфетку.4 человек(а) посчитал(и) отзыв полезным"
8d065c0c-a3f4-48a9-aee8-b28a168a0289,ватный диск,10.06.2024,5.0,"Для меня они лучшие ватные диски. Доставка вовремя. Продавца ИП Meridian Trade Company благодарю за презент. Мелочь, но мне было очень очень приятно. Желаю процветания, Вам!4 человек(а) посчитал(и) отзыв полезным"
5c66daba-64af-47a4-89ba-3fe912595a85,ватный диск,09.06.2024,5.0,"Хорошие диски, всегда беру этой фирмы, а за такую цену просто супер, доставка вовремя, спасибо.4 человек(а) посчитал(и) отзыв полезным"
8c15593d-7e4f-4dfb-a1fe-073c47f77fb7,ватный диск,13.02.2024,5.0,"Не первая моя упаковка данного продукта. Место для вскрытия упаковки обозначено пунктирной линией в ее самом низу. Но почему-то я никогда не вскрываю упаковку в этом месте. Чистый хлопок, достаточно толстые, удобны в использовании, покупаю их на постоянной основе. Вполне устраивает их качество и невысокая цена подкупает. Не вижу смысла покупать более дорогие ватные диски для того, чтоб через минуту использования их просто выбросить.4 человек(а) посчитал(и) отзыв полезным"
fa052519-aefd-41d5-8c58-c9a5b93c5ae0,ватный диск,15.09.2024,5.0,Ұнады жақсы екен подаркасы да бар екен конфет мелочь но приятно.3 человек(а) посчитал(и) отзыв полезным
ee46cc65-6b50-431c-819c-63b3dc9b1fff,ватный диск,18.08.2024,5.0,Мне даже очень нравится) и мило.3 человек(а) посчитал(и) отзыв полезным
7c2288e9-3fc3-47a6-9c6f-3bf576f4a52d,ватный диск,17.08.2024,5.0,"Самые любимые ватные диски, спасибо за цену и доставку магазин: ИП Meridian trade company.3 человек(а) посчитал(и) отзыв полезным"
0f5e7056-e665-4bc1-9f7c-438da3db2867,ватный диск,11.08.2024,5.0,"Спасибо продавцу ИП Meridian trade company ИП Кулаков! Доставили быстро, даже и за подарок спасибо.3 человек(а) посчитал(и) отзыв полезным"
ec2b494f-1f51-4f64-9db2-e714e2cd519a,ватный диск,29.06.2024,5.0,"Хорошие ватные диски, больше и нечего сказать.3 человек(а) посчитал(и) отзыв полезным"
f44d8c80-964a-4522-99f0-eb00239d1a8d,ватный диск,19.06.2024,5.0,"Быстрая доставка, отличный товар. ИП Meridian это так мило, спасибо.3 человек(а) посчитал(и) отзыв полезным"
12e62b84-3eae-4585-8748-2bb98334f339,ватный диск,10.06.2024,5.0,"Милахи, так приятно, когда увидела откуда доставили товар, да еще и так упаковали.3 человек(а) посчитал(и) отзыв полезным"
d599b1e3-6477-48a5-970c-81ae6added53,ватный диск,07.06.2024,5.0,Товар доставлен вовремя. Качественный. Вложенная конфетка была неожиданным сюрпризом. Очень приятно. Спасибо.3 человек(а) посчитал(и) отзыв полезным
c9099c3e-3fe0-4ddc-8364-c7437818f910,ватный диск,31.03.2024,5.0,"Дәл осы түрі қатты ұнайды, ортасынан бөлініп қалмайды, қолдануға өте ыңғайлы. Доставка дәл уақытында келді, Каспи магазин рақмет үлкен.3 человек(а) посчитал(и) отзыв полезным"
5b4604da-db5d-4ffc-bd18-957726e67308,ватный диск,04.03.2024,5.0,За такую цену.3 человек(а) посчитал(и) отзыв полезным
1052ecbd-45ff-4a5e-b583-a67dac2a38d0,ватный диск,23.08.2023,3.0,"Цена соответствует качеству, а качество не очень!3 человек(а) посчитал(и) отзыв полезным"
e8bba07f-3534-451e-914e-c9758a0c1fb8,ватный диск,13.04.2025,5.0,"Пришли хорошо упакованы, не порвались и не помялись. Еще оставили конфетку, очень мило.2 человек(а) посчитал(и) отзыв полезным"
24582061-97fd-40a1-be7b-3db7a33d5976,ватный диск,11.04.2025,5.0,Привезли раньше срока. Большая упаковка. И небольшой подарок-очень мило.2 человек(а) посчитал(и) отзыв полезным
690a812b-e07d-4366-8c1d-5bec04dc1bf3,ватный диск,30.03.2025,5.0,"Товар күшті, сапасы жақсы Meridian Trade Company дан заказ бергеніме ризамын.2 человек(а) посчитал(и) отзыв полезным"
5f412cc9-63f9-4e8a-a068-72b0dd663342,ватный диск,23.03.2025,5.0,"Всегда беру Bella, так как они по качеству топ, и в Каспи цена выгоднее. Упаковки замечательные и положили конфетку. Спасибо за заботу продавцу.2 человек(а) посчитал(и) отзыв полезным"
4ea5ec07-a90c-4091-98b8-30a400717824,ватный диск,13.03.2025,4.0,"Качественные ватные диски! Мягкие, не рвутся, хорошо впитывают.2 человек(а) посчитал(и) отзыв полезным"
49b94800-53ff-4c21-bc62-e2bedbf1cd05,ватный диск,11.03.2025,5.0,"Классные диски, спасибо за конфетку.2 человек(а) посчитал(и) отзыв полезным"
84d49533-ce68-4181-a3bd-dde974d0240f,ватный диск,11.03.2025,5.0,"Всегда нужны, пользуюсь только bella, в интернете нашла бюджетный вариант. Спасибо, приятный бонус, хорошо упаковано, доставка своевременно.2 человек(а) посчитал(и) отзыв полезным"
5b0e4494-a46e-4387-adb1-bbc301e92121,ватный диск,06.03.2025,5.0,"Отличные ватные диски, доставили вовремя, упаковали хорошо!2 человек(а) посчитал(и) отзыв полезным"
d9abbf4b-b5cb-40bf-a603-e10a88f35252,ватный диск,28.02.2025,5.0,"Диски классные, только их беру.2 человек(а) посчитал(и) отзыв полезным"
1ced2844-f21e-4288-8740-cdcfedaf0f03,ватный диск,02.01.2025,5.0,"Жақсылап орапсыздар рахмет, уайымдағанмын мақта сынып қалады деп (қалжың жаңа жыл құтты болсын белгіленген күннен ерте келді.2 человек(а) посчитал(и) отзыв полезным"
82a4bb2a-fe1b-4c93-bc38-904eece43bc5,ватный диск,23.12.2024,5.0,"Тапсырыс жылдам келді, сапасы өте жақсы.2 человек(а) посчитал(и) отзыв полезным"
44ebfc3c-9aba-4a8c-bec1-95826ade9a68,ватный диск,16.12.2024,5.0,100 гана штук келді сондада бағасына күшті.2 человек(а) посчитал(и) отзыв полезным
21726a10-bddb-48b8-ba6f-108c308a1a0a,ватный диск,04.12.2024,5.0,"Просто лучшие диски в моей жизни, такие мягкие!2 человек(а) посчитал(и) отзыв полезным"
f4769551-754e-41ff-92a9-8ca23b57c005,ватный диск,01.12.2024,5.0,"Очень довольна качеством ватных дисков. Они мягкие, не расслаиваются, идеально подходят как для снятия макияжа, так и для ухода за кожей. Удобно, что не оставляют ворсинок. Обязательно куплю снова.2 человек(а) посчитал(и) отзыв полезным"
46c85ad0-90e7-418c-84ca-f87b49326fe0,ватный диск,27.11.2024,5.0,"Спасибо большое Meridian trade company за быструю доставку товара, отзывчивость и вежливость продавца.2 человек(а) посчитал(и) отзыв полезным"
2e262b10-ab2f-4638-8b95-d046c92361f2,ватный диск,21.09.2024,5.0,"Классные ватные диски дешевле чем в магазине и +они положили в подарок конфетку, это очень мило.2 человек(а) посчитал(и) отзыв полезным"
4f80f02d-e070-4d1c-bc42-8f1286e1ad1c,ватный диск,18.09.2024,5.0,"Дәл фотодағыдай жақсы келді, рахмет продавец Ип Meridian.2 человек(а) посчитал(и) отзыв полезным"
15487e23-159d-40c2-809d-d90608e0a4fb,ватный диск,16.09.2024,5.0,"Спасибо за ватные диски, они мои любимые. Цены приемлемые.2 человек(а) посчитал(и) отзыв полезным"
9e3a8b5e-e013-47ba-8941-c70dcf8ecdc4,ватный диск,15.09.2024,5.0,Нежные и красивые.2 человек(а) посчитал(и) отзыв полезным
3c782b15-545b-4f14-b51d-39fdd89e34fa,ватный диск,09.09.2024,5.0,"Очень качественные ватные диски. Берите, не пожалеете. Брала в ИП КУЛАКОВ.2 человек(а) посчитал(и) отзыв полезным"
d21fa2ec-f44e-449b-a2ca-a00d72336c59,ватный диск,06.09.2024,5.0,Өте керемет качества уау бағасы тиімдіі алыңыздар.2 человек(а) посчитал(и) отзыв полезным
8479e703-344e-4d55-8f20-9ef6b45c138b,ватный диск,03.09.2024,5.0,"Довольна товаром. Быстро доставили, супер.2 человек(а) посчитал(и) отзыв полезным"
26367789-5a88-4c04-8997-f6451f479e9d,ватный диск,01.09.2024,5.0,Спасибо ИП meridian и Каспи доставке!2 человек(а) посчитал(и) отзыв полезным
c127be41-e05e-4b58-92e2-243e1a2b3a16,ватный диск,31.08.2024,5.0,Качество хорошее.2 человек(а) посчитал(и) отзыв полезным
888670ee-c5ee-447e-aedc-d57ddc079369,ватный диск,29.08.2024,5.0,"Ватные диски такие какие я ожидала, а главное по выгодной цене! И еще от магазина мини подарочек, так мило!2 человек(а) посчитал(и) отзыв полезным"
ffdc0d6b-82ad-4dfd-84b2-5fc90406674d,ватный диск,29.08.2024,5.0,"Күшті, ұнады, рахмет.2 человек(а) посчитал(и) отзыв полезным"
7d2ff8ce-82c1-47a3-ad28-fe5330c8a542,ватный диск,27.08.2024,5.0,Нравятся эти ватные диски. Всегда их заказываю.2 человек(а) посчитал(и) отзыв полезным
7b1c1001-4f6c-49da-b63f-c42894af1f62,ватный диск,26.08.2024,5.0,Очень хорошие) ИП MERIDIAN TRADE COMPANY ИП КУЛАКОВ спасибо за подарочек.2 человек(а) посчитал(и) отзыв полезным
3f627361-d50d-4cf9-b782-fdd0c4081fc5,ватный диск,21.08.2024,5.0,"Лучший ватные диски только ими и пользуюсь! Положили конфетку очень мило, спасибо ИП MERIDIAN TRADE COMPANY.2 человек(а) посчитал(и) отзыв полезным"
e18966a1-468e-435b-826f-d05ead0e1a81,ватный диск,10.08.2024,5.0,"Товар прям ұнады. И конфет салып жіберіпті, спасибо очень приятно.2 человек(а) посчитал(и) отзыв полезным"
99210ef6-abd9-4f1b-bcab-23bca271f09e,ватный диск,08.08.2024,5.0,Самый любимый диски. Спасибо за подарок.2 человек(а) посчитал(и) отзыв полезным
b829bd76-aef2-4212-9ea2-c3f2a651bc1e,ватный диск,20.07.2024,5.0,Самые лучшие.2 человек(а) посчитал(и) отзыв полезным
dfa9e20b-be37-447f-ba73-63402cf2268d,ватный диск,22.06.2024,5.0,"Всегда покупаю, очень классно и выгодно.2 человек(а) посчитал(и) отзыв полезным"
83614b10-0a24-4290-bce0-e507186f0c8b,ватный диск,21.06.2024,5.0,"Классные, мне нравятся.2 человек(а) посчитал(и) отзыв полезным"
905953aa-365b-46fa-b44d-d95d8ac1a13c,ватный диск,19.06.2024,5.0,Не лохматятся.2 человек(а) посчитал(и) отзыв полезным
c33f1bc5-51a0-4ff4-ae8e-99ef3b4838c1,ватный диск,17.06.2024,5.0,Самые лучшие.2 человек(а) посчитал(и) отзыв полезным
a3680b57-ebe0-49e0-81a5-889849194f3c,ватный диск,15.06.2024,5.0,Отлично. Диски хорошие. Спасибо.2 человек(а) посчитал(и) отзыв полезным
b2ace547-4ea3-4f66-b766-b6dfbcedad68,ватный диск,10.06.2024,5.0,"Доставка вовремя. При доставке все целое, не деформировалось.2 человек(а) посчитал(и) отзыв полезным"
822e745c-6124-404a-8eca-e36a78481ce5,ватный диск,22.03.2024,5.0,"Отличный товар. Заказываю в OASIS постоянно. Спасибо курьерам, доставили быстро и очень вежливые.2 человек(а) посчитал(и) отзыв полезным"
372a1cf7-28e0-4457-a1f5-e91be7b06ebf,ватный диск,29.02.2024,5.0,"Ватные диски супер, не разваливаются и за такую цену имба.2 человек(а) посчитал(и) отзыв полезным"
9c265fbb-eb8d-4b3a-a72b-dc80e6013952,ватный диск,20.02.2024,5.0,"Самые лучшие ватные диски и тут самая лучшая цена - спасибо, продавец. Покупайте выгодно.2 человек(а) посчитал(и) отзыв полезным"
c96c8ee6-026d-462d-9e17-eb07a73d20ce,ватный диск,09.02.2024,5.0,Качество 100.2 человек(а) посчитал(и) отзыв полезным
28a3413f-a7d4-40cb-9c7a-b8d53780bf49,ватный диск,04.02.2024,5.0,"Именно Bella диски очень удобные, обшитые по краям, как другие ватные диски не сыпятся, ещё количество 120 шт очень надолго хватает.2 человек(а) посчитал(и) отзыв полезным"
49d51173-e777-4ce2-9613-8ceb3bf86655,ватный диск,04.08.2023,5.0,Мне нравятся.2 человек(а) посчитал(и) отзыв полезным
8fe0c582-6325-4f78-84b0-bd1074c7a7fd,ватный диск,16.04.2025,5.0,"Рақмет, өте жақсы сапада жасалған.1 человек(а) посчитал(и) отзыв полезным"
658e4292-c7fd-4955-9885-6e807b01fa0b,ватный диск,14.04.2025,5.0,Благодарю Каспи и продавца. Положили мини подарочек в виде конфеты. Доставили раньше времени. Благодарю!1 человек(а) посчитал(и) отзыв полезным
71d9ae49-4ec3-463f-914e-e176727f9044,ватный диск,13.04.2025,5.0,Отличный товар.1 человек(а) посчитал(и) отзыв полезным
0aef41fb-b090-4f30-9764-ef48233cdf00,ватный диск,12.04.2025,5.0,"Өте жақсы, сапалы. Сапалы орап, уақытынан ерте алып келді. Көп рақмет!.1 человек(а) посчитал(и) отзыв полезным"
992e5c2c-a980-43f5-9f91-703571acc5ed,ватный диск,11.04.2025,5.0,Прям тема качества.1 человек(а) посчитал(и) отзыв полезным
a29fe616-c940-430a-8c8b-dac28778eeda,ватный диск,09.04.2025,5.0,"Жұмсақ, жақсы ватные диски. Бет күтіміне өте жақсы келеді. Тапсырыс тез келді, рахмет.1 человек(а) посчитал(и) отзыв полезным"
e1593ab3-c7ef-4787-bf30-e53cf1ae65d7,ватный диск,07.04.2025,5.0,"Хорошие диски, пользуюсь ими постоянно. Всем советую.1 человек(а) посчитал(и) отзыв полезным"
67bdc9d3-185e-4745-afc8-c140e26b4c02,ватный диск,06.04.2025,5.0,"Очень хорошие ватные диски за свою цену! Недорогие, но качественные — не распадаются, мягкие, удобно использовать.1 человек(а) посчитал(и) отзыв полезным"
b64a05bc-ce23-46d8-8d1c-c1bc7b04e792,ватный диск,05.04.2025,5.0,"Всегда беру такой ватный диск, пока что именно это топ, спасибо.1 человек(а) посчитал(и) отзыв полезным"
8a685f63-2685-4d08-a5d2-47048adc321e,ватный диск,04.04.2025,5.0,"Пользуюсь давно, другие даже не рассматриваю. Мягкие и плотные. Спасибо продавцу и Каспи.1 человек(а) посчитал(и) отзыв полезным"
66c85e8d-39eb-4f49-80c6-813eaf7b04fa,ватный диск,04.04.2025,5.0,"Хорошие диски, мягкие.1 человек(а) посчитал(и) отзыв полезным"
44ff85a6-f60c-496b-8fd7-4a2a0a9dc877,ватный диск,03.04.2025,5.0,"Спасибо MERIDIAN TRADE COMPANY за приятную цену! Эти ватные диски беру постоянно, т. к. они мне нравятся больше всех, хорошо впитывают и не разваливаются. По цене тоже выгодны.1 человек(а) посчитал(и) отзыв полезным"
6d8a2d98-a2cb-4c6d-994c-445eb2f4cae0,ватный диск,03.04.2025,5.0,"Очень мягкие и удобные, спасибо большое.1 человек(а) посчитал(и) отзыв полезным"
5ccdc8e4-abb7-4e77-aa31-2560435b1290,ватный диск,01.04.2025,5.0,Как всегда молодцы.1 человек(а) посчитал(и) отзыв полезным
f1d7e6fb-c8cc-4321-8d37-7738658e59b7,ватный диск,30.03.2025,5.0,"Спасибо, очень мило.1 человек(а) посчитал(и) отзыв полезным"
e0f6d830-e944-491d-bac6-b70df36ea3dc,ватный диск,29.03.2025,5.0,"Meridian trade company, отличные ватные диски.1 человек(а) посчитал(и) отзыв полезным"
3ddd0a64-c6c4-4c17-9141-54ac9a6a8e5d,ватный диск,28.03.2025,5.0,"Спасибо магазину meridian trade company, и спасибо за приятный подарок.1 человек(а) посчитал(и) отзыв полезным"
b58f8d63-b813-4c9e-8819-f06ba5710cc1,ватный диск,28.03.2025,5.0,Очень классные диски.1 человек(а) посчитал(и) отзыв полезным
e2b359ac-3f84-4100-aeec-35f9626a27b8,ватный диск,27.03.2025,5.0,"Доставили вовремя, очень хорошие диски, мне понравилось.1 человек(а) посчитал(и) отзыв полезным"
cbc8a85a-1204-462c-96c9-cde107ae3587,ватный диск,26.03.2025,5.0,"Сапасы жақсы, сыйлық ретінде конфет салып жіберіпті, рахмет.1 человек(а) посчитал(и) отзыв полезным"
e9fd158d-3a8c-4dd2-b4e5-450cafec5c0b,ватный диск,26.03.2025,5.0,"Спасибо большое продавцу, конфетку приложили, очень приятно, и цена порадовала, дешевле, чем в магазинах.1 человек(а) посчитал(и) отзыв полезным"
0218bfee-3c40-4f85-93aa-6cf870994086,ватный диск,26.03.2025,5.0,"Хорошие ватные диски, беру второй раз, пришло вовремя.1 человек(а) посчитал(и) отзыв полезным"
adb8b2ad-9ce5-4093-9c42-fc428b222f05,ватный диск,25.03.2025,5.0,Керемет сапа.1 человек(а) посчитал(и) отзыв полезным
61716da5-1eba-42bb-a339-6acdd6931469,ватный диск,24.03.2025,5.0,"Спасибо за конфетку, все супер.1 человек(а) посчитал(и) отзыв полезным"
a0670a13-719e-4d67-bf6d-b2da158109cb,ватный диск,24.03.2025,5.0,"Отличные диски! Приятный презент к дискам, благодарю! Рекомендую к покупке!1 человек(а) посчитал(и) отзыв полезным"
a32260a5-9648-4800-baba-13a546f9cee5,ватный диск,23.03.2025,5.0,"Классные диски! Ещё и конфетку положили, спасибо.1 человек(а) посчитал(и) отзыв полезным"
00dfbb7e-98dd-4ed5-82a5-894c12520c3c,ватный диск,22.03.2025,5.0,Спасибо большое за быструю доставку и качественный товар. Беру не в первый раз.1 человек(а) посчитал(и) отзыв полезным
527af624-c1a0-4b8c-b798-1035ada75c7e,омега3,11.03.2024,4.0,"Пересчитала количество капсул (да, мне не лень), оказалось 80 штук, вместо 100.227 человек(а) посчитал(и) отзыв полезным"
0f08639a-0afa-485b-b2fe-6c70b3e22110,омега3,18.05.2023,5.0,"Отличный препарат, давно принимаю омегу, омега очень улучшает качество волос, ногтей и кожи. Воздействует на все функции организма, рекомендую.128 человек(а) посчитал(и) отзыв полезным"
9b8d1fbf-e014-4a53-a15a-dbe984ba75b3,омега3,10.07.2023,5.0,"Достоинства:Сначала выпем,  потом посмотрим, пока ничего не могу сказать об этой витамине.Комментарий:Спасибо в Каспи,  что быстро доставили,  и хочу даже поблагодарить в Каспи,  за то что, за удобную услугу.58 человек(а) посчитал(и) отзыв полезным"
2bfecb9f-74d4-4d70-8458-4f365cbb37c9,омега3,18.05.2023,5.0,Омега 3 этой фирмы пью уже 3 год.Цена на Каспи дешевле оказывается. Доставили вовремя.48 человек(а) посчитал(и) отзыв полезным
952eb4b5-0d1f-415b-b303-2b368c34702a,омега3,01.07.2023,5.0,"Достоинства:Давно беру эту добавку, незаменимая часть рациона.Комментарий:Магазину спасибо за оперативность!41 человек(а) посчитал(и) отзыв полезным"
3763e99d-a3f2-49d9-a01a-b04130151a91,омега3,09.08.2023,5.0,"Достоинства:Хорошая дозировка по хорошей цене. Капсул хватит почти на 3,5 месяца. И срок годности до 2026 года. Рекомендую.37 человек(а) посчитал(и) отзыв полезным"
950fd9f5-b167-4ca4-8340-e8262e4399b0,омега3,28.06.2024,5.0,Магазинге рахмет айткан уақытынан ерте акеліп берді. Бірінші рет қолданып отырмын кәзірге асерімен бөлісе алмаймын. Уақыт өте көреміз. Жалпы бағасына да ризамын қол жетімді. Емболсын димін.13 человек(а) посчитал(и) отзыв полезным
5faddac0-86c0-4844-ade2-f87c88b6c810,омега3,27.03.2024,5.0,"Товар доставили даже раньше, чем было указано, все упаковано аккуратно, продавец всегда на связи. Омега 3 этой фирмы пробую первый раз, а Витамин Д уже брала, результат хороший.12 человек(а) посчитал(и) отзыв полезным"
114286a8-58a1-4b02-bef7-ab577f55de72,омега3,23.12.2024,5.0,"Рақмет Megamass! Уақытысынан бір күн ерте келді. NOW Omega-3 1000 mg, 100 капсул. Алла тағала шипасын берсін!.10 человек(а) посчитал(и) отзыв полезным"
7b80f8be-ba44-4790-9597-c8aefe6efb8d,омега3,26.09.2023,5.0,"Всё хорошо, только капсулы слишком большие. На фото сравнение с обычными капсулами.10 человек(а) посчитал(и) отзыв полезным"
0cb978da-1277-4de1-9a4c-26906c425c3e,омега3,19.09.2023,1.0,"Ішкенен кейін  балықтың дәмі шығады, сапасы төмен, сақталғанда дұрыс сақталмағанба, 2-3 капсуланы ғана іштім, қалғаны тұр солай, өте нашар! Ақшаны босқа төледім! 

 Брала по отзывам. После приема  неприятная отрыжка рыбой, тошнит . 2-3 кап только выпила, больше не смогла, зря деньги потратила!9 человек(а) посчитал(и) отзыв полезным"
ccc1c8b4-a557-4bae-96b2-72c28906bcc8,омега3,26.12.2023,5.0,"Всегда берем витамины данной фирмы, полностью устраивают. Спасибо продавцу ИП ККК за очень быструю доставку, а так же приятно было увидеть инструкцию по применению, для многих людей которые впервые берут витамины, бады это очень полезно.8 человек(а) посчитал(и) отзыв полезным"
491a0933-7296-4385-baf2-4ee2c9f55528,омега3,21.12.2023,5.0,"Товар пришел раньше срока! Капсулы большие, раньше не пила витамины этой фирмы. Первый раз взяла, буду пробовать. Так как волосы выпадают сильно после родов. По отзывам хорошие витамины.8 человек(а) посчитал(и) отзыв полезным"
f2606b66-8209-40fd-b5df-0688f864ec7f,омега3,10.09.2023,5.0,"Отличные витамины, давно пью, хороший результат.8 человек(а) посчитал(и) отзыв полезным"
56331c38-a763-4bbc-80bf-0b5600ef55cc,омега3,15.07.2023,5.0,"Достоинства:Арзан баға, сыпайы персонал.6 человек(а) посчитал(и) отзыв полезным"
b932d2b9-e8de-41d3-8610-d1b8203ecd57,омега3,20.12.2024,5.0,"Получили витамины, все отлично. Спасибо большое ребята.5 человек(а) посчитал(и) отзыв полезным"
c030ba64-aa1d-442f-991b-b52ff65bf3bf,омега3,20.12.2024,5.0,Рекомендую. Очень хороший препарат.5 человек(а) посчитал(и) отзыв полезным
9a760c19-26af-4f3b-8b34-69390ab3aa17,омега3,24.05.2024,5.0,"Хороший проверенный американский производитель, беру не в первый раз, эффект заметен. Также отдельная благодарность продавцу, за быструю отправку и обратную связь.5 человек(а) посчитал(и) отзыв полезным"
c2df802e-0cb4-48d6-aa86-f82dd7fdca63,омега3,01.12.2023,5.0,Спасибо за быструю доставку и профессионализм. Советую всем этот магазин.5 человек(а) посчитал(и) отзыв полезным
5e9ec3dd-5e6b-491b-8179-b7a61d05cca9,омега3,10.10.2023,5.0,"Заказала неделю назад. Курьер очень вежливый. Омега отличный витамин для здоровье! Не пожалела что заказала именно на Каспи, удобный и цена приемлема! Благодарю.5 человек(а) посчитал(и) отзыв полезным"
5ad0cb17-b388-4ea5-a584-1333c800660b,омега3,04.09.2023,5.0,"Отличные витамины, пью их уже не первый раз, капсулы удобно пить, большие, советую приобретать эти витамины, не пожалеете.5 человек(а) посчитал(и) отзыв полезным"
dc7ca8ea-b86b-4c68-a287-94a79e66a5ec,омега3,13.04.2023,4.0,Достоинства:Асери жаксы.5 человек(а) посчитал(и) отзыв полезным
9e93a7a0-1c80-44aa-b632-07d2ae018459,омега3,30.07.2024,4.0,"Постоянно беру омегу, но этой фирмы в первый раз. Будем наблюдать, еще бы в описании писали по сколько штук в день принимать.4 человек(а) посчитал(и) отзыв полезным"
243f12f1-13b9-47f6-a22a-98977c36cfc4,омега3,09.05.2024,4.0,"Омега 3 основном балық майынан жасалады жане қоспалар бар. Кекіргенде 1 аптадай балық майы келеді, кейін дәмі келмейді ағза үйренген соң енді. Малининың дәмі шықпайды ғой. Пайдалы зат теріге және тырнаққа тұяқтай болып өседі шаш аттың жолындай болып. Бәріне ем болсын енді.4 человек(а) посчитал(и) отзыв полезным"
d5050782-7501-4ca0-ae27-3672f93e0eb4,омега3,18.04.2024,1.0,Ужас екен. Бекер алыппын. Ішкен соң иісі дәмі қайта қайта кеп тұрады.4 человек(а) посчитал(и) отзыв полезным
808c682e-1109-44fa-931f-1abec125b0d9,омега3,11.03.2024,5.0,"Бад хороший, покупаю БАДы этой фирмы, советую. Вот написал хороший отзыв Каспи сразу опубликуют его, но стоит написать негативный отзыв Вы не дождётесь его чтоб опубликовали как у меня получилось с пылесосом. Написал крайне негативный отзыв о продавце от фирмы Бонанзе и отзыва нет хотя обещали что всё оформляется.4 человек(а) посчитал(и) отзыв полезным"
41a711d3-a97f-402c-9928-748b7b5aafe2,омега3,12.02.2024,3.0,"Жеткізу жақсы, бірақ өте үлкен, асқазаным аурып корытпай қалды, әрі балықтың дәмі келеді.4 человек(а) посчитал(и) отзыв полезным"
eff0d7eb-a988-4578-8b0c-65b037f198d0,омега3,22.01.2024,5.0,"Күнделікті қолданып жүрмін, Бағасы қолжетімді. Заказым көңілімнен шықты. Тез жетті. Рахмеет.4 человек(а) посчитал(и) отзыв полезным"
ceb09237-2170-42ca-bffd-c0429b48bb4b,омега3,17.01.2024,5.0,"Беру далеко не первый раз, все отлично. Спасибо!4 человек(а) посчитал(и) отзыв полезным"
912ce016-23ec-4725-a357-a89acce4f015,омега3,02.01.2024,5.0,"Довольно крупные капсулы, но в принципе пить нормально. О результатах говорить рано, только начала пить. Пахнут рыбой.4 человек(а) посчитал(и) отзыв полезным"
47557fb0-84c2-4c64-ba6e-2113f4691cb2,омега3,30.12.2023,5.0,"Получила товар в срок, все ок.4 человек(а) посчитал(и) отзыв полезным"
2f0d6587-d789-4694-978b-04baac31befc,омега3,08.09.2023,5.0,"Лучшие витамины. Доставили быстро, спасибо.4 человек(а) посчитал(и) отзыв полезным"
3205d162-e48f-4a21-a466-bf11677cd97f,омега3,19.12.2024,5.0,"Я постоянно пью омегу, спасибо Каспи.3 человек(а) посчитал(и) отзыв полезным"
008672e8-45fb-4775-ba28-e5b4780e8d63,омега3,17.12.2024,5.0,"Заказывала NOW Omega-3 в магазине WHEY-KZ, пропиваю в комплексе с D3 этой же марки, прекратился волосопад и в целом самочувствие. Капсулы довольно крупные, но глотаются легко. К покупке рекомендую!3 человек(а) посчитал(и) отзыв полезным"
cad5e1c5-8762-4c93-bd82-f5fc89f6892d,омега3,17.10.2023,5.0,"Доставка раньше указанной даты, срок годности до 2026г. Покупкой довольна. Я покупаю витамины NOW более 5 лет, сертификаты, качество и цена. Советую.3 человек(а) посчитал(и) отзыв полезным"
abfb1320-10da-4abf-bacf-b70c0411977d,омега3,03.10.2023,5.0,"Хорошие витамины, виден результат с первых дней!3 человек(а) посчитал(и) отзыв полезным"
d1468426-fb72-4dca-8eab-9385e49a439a,омега3,27.08.2023,5.0,"Замечательный продукт для профилактики сердечно-сосудистой системы, опорно-двигательного аппарата, иммунитета и т.д. практически без побочных эффектов, в принципе им можно заменить аспириновый ряд у кого есть аллергия на НПВС. Спасибо Каспи за отлично поставленную работу.3 человек(а) посчитал(и) отзыв полезным"
bc8d53e7-cf0a-4a54-90c4-fba3d219008a,омега3,27.03.2025,5.0,"После них ощущение, что поела рыбы, надеюсь, это признак полезности. Может самовнушение, но стала чувствовать себя лучше, больше месяца принимаю.2 человек(а) посчитал(и) отзыв полезным"
bde55518-76ef-473a-8cd3-942dfb2e47ee,омега3,26.03.2025,5.0,"Хорошая Омега-3! Капсулы удобные, без неприятного запаха. В нашем климате с жирными кислотами в питании не всё так просто, так что эта добавка нужная вещь. Спасибо! Доставка вовремя.2 человек(а) посчитал(и) отзыв полезным"
fbbb1c43-901e-4f8e-93ed-04069e15e17d,омега3,15.03.2025,5.0,"Спасибо большое, взяла на подарок, полезные витамины дарить лучше, чем бесполезные конфеты.2 человек(а) посчитал(и) отзыв полезным"
372732bf-5ba4-4e65-af47-cd4f30867bfa,омега3,11.03.2025,5.0,"Замечательные витамины от NOW! Баланс цены + качество на высоте! Огромная благодарность «ECO HERB KZ», лучшая упаковка и курьерская доставка!2 человек(а) посчитал(и) отзыв полезным"
e439007c-b5ae-499b-9eee-d25ce01d8fb9,омега3,25.01.2025,5.0,"Өте күшті өнім. 3 рет алдым, ұнайды.2 человек(а) посчитал(и) отзыв полезным"
57131b4c-f7f4-451f-9606-c604574d19ca,омега3,12.01.2025,5.0,"Доставили вовремя. Цена хорошая у магазина. Витамины отличные, работают, давно этой фирмы беру.2 человек(а) посчитал(и) отзыв полезным"
6843ed08-f391-484a-92b7-7c7dd4e845f1,омега3,23.12.2024,5.0,"Есте сақтау қабілетті жақсартады, шаш, тырнаққа пайдалы, алып ішуге кеңес беремін.2 человек(а) посчитал(и) отзыв полезным"
eb5e30a4-7e2a-4508-bb7c-63c4627ad2f0,омега3,23.12.2024,5.0,"Тех келді, рахмет Каспиге.2 человек(а) посчитал(и) отзыв полезным"
a3344115-0750-4640-bb4a-7b8371674086,омега3,07.11.2024,5.0,"Капсулы хорошие беру уже не первый раз, ногти лучше стали, волосы да и в целом состояние здоровья улучшилось.2 человек(а) посчитал(и) отзыв полезным"
2ca2f2bd-4ae3-4499-b1ee-217833b22a95,омега3,05.11.2024,5.0,"Спасибо магазину VITAMANIA_MZ, товар пришел целый, так еще и козинак положили, выражаю свою благодарность оригинал.2 человек(а) посчитал(и) отзыв полезным"
8889cdc4-24f0-4e98-9961-21fdb2b32ae0,омега3,04.11.2024,5.0,Прекрасные капсулы. Легко пьются. Привезли вовремя. Даже раньше. Спасибо.2 человек(а) посчитал(и) отзыв полезным
01072333-ab3a-40bb-be6e-2d8a98f962f3,омега3,03.11.2024,5.0,Шикарные витамины.2 человек(а) посчитал(и) отзыв полезным
5e3d7879-9c8a-4561-9787-aae8dee29e6c,омега3,14.09.2024,5.0,Эту Омегу покупаю неоднократно. Рабочая. Пришел заказ чуть раньше даже. Упаковано все отлично. Спасибо продавцу.2 человек(а) посчитал(и) отзыв полезным
fdf54c34-4416-451c-973a-1dd4f7185bb0,омега3,17.08.2024,5.0,"Бағасы айхерб сайтынан төмен екен, жеткізуі 5 күнді есепке алғанда Каспи дүкеннен алған тиімді.2 человек(а) посчитал(и) отзыв полезным"
1947dee6-0e65-4cf2-bbfd-34b03a2cec66,омега3,09.08.2024,5.0,"Спасибо Каспи и продавцу за быструю доставку. Добрый день. Про эффект от витамин сказать пока что ничего не могу, так как пью первый день, по отзывам все хвалят. Думаю так оно и есть.2 человек(а) посчитал(и) отзыв полезным"
7cd6640c-d5d7-4bfd-b96c-06cd42ed513d,омега3,11.07.2024,5.0,"Хороший, беру второй раз.2 человек(а) посчитал(и) отзыв полезным"
d39e3bdc-41b2-45aa-9ef4-1ec0d987c079,омега3,16.05.2024,5.0,"Спасибо большое Каспи, вовремя привезли, витамины очень хорошие, помогают. От усталости, на работе бодрый ходишь целый день, я витамины постоянно пью. Спасибо большое.2 человек(а) посчитал(и) отзыв полезным"
688b6feb-72ea-4fe7-ba0c-5c9a9fb5c7ec,омега3,16.04.2024,5.0,"Отличный продукт по приемлемой цене. Единственное, большой размер капсул. Детям 12 лет прокладывать тяжеловато. А в остальном отличный результат.2 человек(а) посчитал(и) отзыв полезным"
8dfb46b3-417f-45ac-b010-53b2ad8d8324,омега3,20.03.2024,5.0,"Получила препараты в целости и в сохранности будем пить, я вообще рекомендую приобрести эти продукты так как они важны для нашего организма, я очень рада что приобрела вот именно эти препа. Спасибо вам.2 человек(а) посчитал(и) отзыв полезным"
049a5b27-fbc5-48bc-94a9-68aed88639e6,омега3,04.03.2024,5.0,"Спасибо за быструю доставку! Очень красивые золотистые капсулы, а о пользе Омега-3 надеюсь знает каждый! Пусть Всевышний даст нам всем здоровья! Благодарю создателей, интернет-магазин за заботу о нас! Желаю вам здоровья крепкого, счастья, успехов во всём!2 человек(а) посчитал(и) отзыв полезным"
de29147c-a8c0-4682-af44-e72ea259e264,омега3,27.12.2023,5.0,"Хороший продукт, пользуюсь года три.2 человек(а) посчитал(и) отзыв полезным"
9b25900f-234c-4376-9b1b-30ae97de8664,омега3,27.12.2023,5.0,"Пришли таблетки хорошо упакованные, спасибо большое.2 человек(а) посчитал(и) отзыв полезным"
cf5fd7ac-524c-420a-8050-ea7506b9e4a6,омега3,25.12.2023,5.0,Хорошие витамины по приемлемой цене.2 человек(а) посчитал(и) отзыв полезным
421d3e37-7eec-45ab-81fe-b5f6e43fae58,омега3,25.12.2023,5.0,"Заказ быстро пришел, пью омега 3  третий день, действует хорошо. Таблетки большие но запаха нет.2 человек(а) посчитал(и) отзыв полезным"
a182daf2-2f49-4c34-ad3f-b254399e8fd3,омега3,07.12.2023,5.0,"Мне понравились, чувствуется что омега из дорогого сорта рыб! Рекомендую2 человек(а) посчитал(и) отзыв полезным"
44383a45-2b0f-4598-b7be-50dc193b048a,омега3,04.12.2023,1.0,"Товар плохой, воняет, сбросить невозможно пить. Этот магазин не покупайте. Омега.2 человек(а) посчитал(и) отзыв полезным"
eecad774-1be2-4d36-b5bc-f914ae576923,омега3,13.11.2023,4.0,3 дня пью. По ощущениям организм радуется. У детей 7 и 11 лет. Прекратилось кровотечение из носа. Связываю с Омегой. Срок ещё малый. Но как бы результаты предварительные имеются.2 человек(а) посчитал(и) отзыв полезным
73ef2da9-a4c9-49c4-bfd4-3567bad29d3c,омега3,08.11.2023,5.0,"Отличная омега. Оригинал, срок годности до 2026 года.2 человек(а) посчитал(и) отзыв полезным"
de040f79-9b42-47c7-8df6-056c665a3bd1,омега3,29.10.2023,5.0,"Заказ доставили в срок, товар был надежно упакован, срок годности витамин хороший В подарок продавец положил плитку шоколада. Неожиданно и приятно. Спасибо большое продавцу.2 человек(а) посчитал(и) отзыв полезным"
6836908d-0760-4a2e-b060-ae7303206672,омега3,26.10.2023,5.0,"Отличная биологическая активная добавка, рекомендована врачом Быстрая доставка, раньше указанного времени.2 человек(а) посчитал(и) отзыв полезным"
7798a14b-6b72-44cf-99c6-c88fa73ba112,омега3,25.10.2023,5.0,"Спасибо большое Каспи Магазин и курьерам быстро принесли, и отдельно спасибо NOW товару витамины не дорогие и полезные я только начинаю пить не когда не принимала лекарства и уколы до 38лет ,сейчас я чувствую себя не как раньше больше слабость и не высыпаюсь мне назначили витамины спасибо всем.2 человек(а) посчитал(и) отзыв полезным"
248ee5a7-809e-4420-90c7-61945d8d2f48,омега3,13.10.2023,5.0,"Товар пришёл  без задержек, упакован  хорошо, спасибо Каспи и продавцам.2 человек(а) посчитал(и) отзыв полезным"
46322eb9-e53c-476a-9c17-ee41282f087f,омега3,09.09.2023,5.0,Хорошие витамины.2 человек(а) посчитал(и) отзыв полезным
929f11ba-caea-42c5-8211-6c449051634b,омега3,27.08.2023,5.0,"Сапалы, жақсы өнім.2 человек(а) посчитал(и) отзыв полезным"
68a9d918-3783-4e21-a7a7-002564c2bbde,омега3,21.08.2023,5.0,Достоинства:Омега3 супер. Бағасыда өте қол жетімді.Комментарий:Уақытылы жеткізді. Каспиге рақмет!2 человек(а) посчитал(и) отзыв полезным
024b27b1-803b-44a2-b6e3-ab5f0e1c6df5,омега3,21.08.2023,5.0,"Отличная добавка, правильная дозировка и приемлемая цена. Прилив сил, хороший сон, улучшение настроения.2 человек(а) посчитал(и) отзыв полезным"
7ee5f7aa-1c92-49a4-8832-a14ad15c29cd,омега3,01.08.2023,5.0,"Очень хороший, качественный препарат. Я довольна.2 человек(а) посчитал(и) отзыв полезным"
362c2f18-2acb-400e-936d-5aa9f3e4c055,омега3,28.07.2023,5.0,Достоинства:Давно принимаю препарат. Меня все устраивает.Комментарий:Рекомендую.2 человек(а) посчитал(и) отзыв полезным
e7054bfb-a498-4366-bd0d-12322f55049e,омега3,12.07.2023,4.0,Пришел вовремя. Лечусь и всем советую.2 человек(а) посчитал(и) отзыв полезным
fcfff49f-6999-4917-8e97-16f1ebd8b10e,омега3,31.01.2023,5.0,"Достоинства:Хорошие витамины, беру не первый раз.2 человек(а) посчитал(и) отзыв полезным"
5ccaa5e0-7c92-45f3-a4e3-cd61c6eef69c,омега3,20.04.2025,5.0,"Реально 100 штук, пересчитал.1 человек(а) посчитал(и) отзыв полезным"
03637caa-38cd-4109-a554-4b58a220bc18,омега3,19.04.2025,5.0,"Давно пью и прекрасно себя чувствую! Original, made in USA. Покупал у HealthYeah).1 человек(а) посчитал(и) отзыв полезным"
c5911505-b086-41ca-9239-3d2a14e5f6cd,омега3,18.04.2025,5.0,"Товар пришел вовремя, спасибо курьеру, витамины супер пользуюсь не первый год, спасибо магазину TOO HealthYeah.1 человек(а) посчитал(и) отзыв полезным"
6285cc23-fafa-4026-b0cc-60052a1ca778,омега3,09.04.2025,5.0,Капсуланың көлемі өте үлкен. Тістеп бөлуге келмейді. Алатын кезде соны ескеріңіздер. А так бәрі нормально.1 человек(а) посчитал(и) отзыв полезным
ffce17ec-b643-4eb8-b41a-52570ead2f78,омега3,05.04.2025,5.0,"Пока әсері жоқ, тек 3-4 күн ғана болды ішкеніме. Бірақ әсері болады деп ойлаймын. Жақсы продукция.1 человек(а) посчитал(и) отзыв полезным"
442efaab-de55-466a-9d30-2f0ad37306ab,омега3,27.03.2025,5.0,"Доставили вовремя, лучший витамин.1 человек(а) посчитал(и) отзыв полезным"
4fed33b3-ec8c-4805-a87e-996a78330809,омега3,27.03.2025,5.0,Все отлично! Всегда заказываю. Продавцу ТОО Саплемент большое спасибо.1 человек(а) посчитал(и) отзыв полезным
b6564dc5-98fe-49cd-a2c9-33a288aeab41,омега3,26.03.2025,5.0,Омегу 3 начала принимать из-за беременности и дочка вместе принимает.1 человек(а) посчитал(и) отзыв полезным
3b86c919-a005-4e5c-82f3-647d6a9b7f1d,омега3,20.03.2025,5.0,"Огромное спасибо, пришло вовремя. Пью этот витамин постоянно, очень довольна. Если следите за своим здоровьем Омега3 вам поможет.1 человек(а) посчитал(и) отзыв полезным"
3b320e29-9f7b-4f4a-bd20-a75fc3252661,омега3,05.03.2025,5.0,"Оригинал в представлении не нуждается, отличный продукт, отличная упаковка.1 человек(а) посчитал(и) отзыв полезным"
3e12e051-4e44-4e50-bbf8-9708bdc3df7e,омега3,22.02.2025,5.0,Получила свои витамины и этому очень рада. За наше здоровье.1 человек(а) посчитал(и) отзыв полезным
d0d83bb5-c729-4096-9d03-677338592600,омега3,20.02.2025,5.0,"Взяла впервые, попробую, упаковано хорошо, пришло быстро.1 человек(а) посчитал(и) отзыв полезным"
dd672c03-0c2a-412e-8f54-48c541ed4da0,омега3,19.02.2025,5.0,Берём первый раз. Советовали именно их.1 человек(а) посчитал(и) отзыв полезным
e16bcbb3-17c3-4b98-9753-3eb3946a7937,омега3,16.02.2025,5.0,"Отзывтарын оқып заказ бердім, пайдасы тиеді деген үміттемін, жақсы оралған, MEGAMASS магазинге рахмет.1 человек(а) посчитал(и) отзыв полезным"
0c060370-a35c-411b-aa2d-6dc25e7355d5,омега3,08.02.2025,5.0,"Брал у продавца Megamass, отправили оперативно, спасибо. Данный продукт беру в третий раз, нравится, побочек не наблюдал, в общем рекомендую.1 человек(а) посчитал(и) отзыв полезным"
28b7b433-d0e7-48f9-a621-050c52e2294a,омега3,26.01.2025,5.0,"Отличный Бад, доставили быстро, порядочный продавец, очень дорожит своей репутацией, рекомендую, буду обращаться вновь. Благодарю!1 человек(а) посчитал(и) отзыв полезным"
1e902acf-50f0-419e-a093-57501c4316b6,омега3,21.01.2025,5.0,"Самый лучший омега, люблю.1 человек(а) посчитал(и) отзыв полезным"
216b413a-0ba6-4e0d-80e7-3cd45817cbe1,омега3,08.01.2025,5.0,"Беру не первый раз, витамины отличные. Спасибо магазину и Каспи за быструю доставку.1 человек(а) посчитал(и) отзыв полезным"
fc29c909-e4c2-4afa-a725-382525f2c0f6,омега3,05.01.2025,5.0,Очень понравилось. Товар пришел на 3 дня раньше. Пользуюсь впервые. Позже поделюсь результатами.1 человек(а) посчитал(и) отзыв полезным
434a3c4c-b175-469f-98db-bda93970dfe4,омега3,04.01.2025,5.0,Ең бірінші Каспи магазиніне курьерге үлкен рахмет. Мерзімінен бұрын әкеліп берді. Жақсы оралған. Омега-3 жаңадан ішіп бастадым. Әлі ештеме сезінбедім. Кейін жазамын.1 человек(а) посчитал(и) отзыв полезным
cce48457-295d-4c11-afe4-a72b0d21fe2c,омега3,01.01.2025,5.0,"Өте күшті, уақытынан бұрын жеткізді.1 человек(а) посчитал(и) отзыв полезным"
66f2ca28-be9a-4d57-a47b-00bdff8816f1,омега3,30.12.2024,5.0,"Спасибо вам большое. Доставка пришла быстро. Я только начала принимать, но результат на лицо. Самочувствие стало отличное, сон нормализовался. С наступающим новым годом!1 человек(а) посчитал(и) отзыв полезным"
08f619de-d068-4b36-97a0-099f33dea9f5,омега3,27.12.2024,5.0,"Уақытылы келді, бірақ енді көмегін білмеймін, енді ғана ішіп жатырмын, ұсыныс бойынша және отзывтарға қарай алғанмын.1 человек(а) посчитал(и) отзыв полезным"
cd655773-e3ff-4f65-ae26-dbeff375de92,айфончик,03.11.2021,5.0,Недостатки:Все просят сфоткать.3712 человек(а) посчитал(и) отзыв полезным
7f4a3913-6a2b-4189-b0d2-969b7420fab4,айфончик,26.10.2021,5.0,"Достоинства:Самый лучший во всех смыслах.Комментарий:Огромное спасибо разработчикам этого уникального телефона! Честно, всем советую, ребята! Живете один раз в этой жизни, лучше прожить эту жизнь в ярких впечатлениях!1516 человек(а) посчитал(и) отзыв полезным"
88f679f0-9c1b-4ff0-aa83-e9e53833071e,айфончик,20.10.2021,5.0,"Достоинства:Мощный процессор, быстрая зарядка, ну Айфон есть Айфон!Недостатки:Нет ничего нового в глобальном плане. Как был Айфон, так и остался Айфоном!Комментарий:Перешёл на эту модель с Айфон 6 и 6+, до них был Айфон 5, тот самый прародитель Айфона 12 и 13. После этих стареньких Айфонов могу сказать, что процессор Айфона 13 мощнейший, можно сказать летает, на отклик реагирует моментально. Любые приложения, если скачивать с wi-fi, скачиваются за секунду. Приятный звук клавиатуры, и вообще тактильные отклики. По размеру скажу так - оптимальный баланс именно этого размера, и не большой (как 6 плюс), и не маленький (как 6). Айфон 13 по размерам совсем не лопата, как многие другие смартфоны. В принципе, одной рукой управлять можно! Качество фото и видео камеры на высочайшем уровне! Да, в комплекте идёт только зарядный шнур, все остальное надо докупать. Мой совет - если вы хотите перейти на эту модель с 6 или 7 Айфона, то самое то (как никак, думаю, эти модели уже устарели)! Если уже у вас модель Х и новее, то, думаю, лучше оставить их. Особой разницы нет! Всем приятных покупок и наслаждений от этих покупок!1156 человек(а) посчитал(и) отзыв полезным"
5e198dd7-b4de-4dd5-8cd5-0b74d9daca4b,айфончик,18.02.2022,3.0,"Достоинства:Быстродействие, закрытая ОС, камеры хорошие, дисплей неплохой.Недостатки:Недостатков много, если у Вас прошлый телефон был из линейки айфонов, то улучшения будут по всем фронтам, но если Вы пользовались андроидом (в моем случае Самсунг А8 2018 года), то экран Вас расстроит, он не такой контрастный. Четкость экрана лучше у моего Самсунга.Дополнительно тратиться на зарядку для айфона, которая стоит 12 тысяч.В общем, цена за данный аппарат неоправданно высока, потолок цены это 300 тысяч, но тут переплата за бренд.Если есть возможность у знакомых взять айфон, посидите в нем часик, перед тем, как покупать, я купил и мне не понравилось, по этому сразу попытался вернуть телефон в Sulpak, но мне сказали, что я активировал и вернуть не получится, что печально, ведь сами Apple берут обратно свои телефоны, даже активированные.Еще 1 огромный минус, если у Вас дома медленный интернет, готовьтесь сталкиваться с прогружанием картинок в ВК, пока вы их не откроете? они будут мыльными, после открытия и приближения они будут догружаться, на андроиде у меня сразу в максимальном качестве прогружалась картинка, еще балл в копилку андроида.Комментарий:Можно задать резонный вопрос, а зачем я взял себе айфон? Хотелось проверить или опровергнуть миф про божественность айфона, а не полагаться на чужие тесты и взгляды. Никуда не деться, телефон более чем отличен, но никакого вау-эффекта не было, обычный телефон с миллионами плюшек, которыми никогда в жизни пользоваться не буду) Настоятельно советую перед покупкой просто походить и полазить в телефоне друзей и посмотреть, нормально или нет. Насыщенность картинки в Самсунгах куда лучше. Если будет возможность, возьму себе S22.826 человек(а) посчитал(и) отзыв полезным"
ff463f9b-4d1b-4b33-a475-b49286595b97,айфончик,11.11.2021,4.0,"Недостатки:Ничего особенного. Вокруг камеры круги, которые не уходят, не понимаю в чем дело.547 человек(а) посчитал(и) отзыв полезным"
c439e625-831f-4d16-9587-4aa1980f6ebb,айфончик,08.12.2021,5.0,Достоинства:Телефон кайф!Недостатки:Слишком дорогой. 250-300к норм цена была бы.475 человек(а) посчитал(и) отзыв полезным
425fded2-aa88-4e7f-b967-348dbd70542b,айфончик,01.04.2022,1.0,"Достоинства:Значок яблока.Недостатки:Телефон весь недостаток, слишком завышена цена.Комментарий:Лучше бы взял машину и таксовал, заработал бы денег. А тут два года платить, наоборот в минус ухожу.233 человек(а) посчитал(и) отзыв полезным"
de9bb687-7f49-4d98-bc74-11d7db2c217d,айфончик,10.11.2021,5.0,"Достоинства:Отличный аппарат!Недостатки:Обидно то, что цена упала на следующий день!Комментарий:Берите синий цвет, на черном пыль и так далее, все видно заметно.135 человек(а) посчитал(и) отзыв полезным"
48e51080-d404-420d-8a26-eb300eb41648,айфончик,21.12.2021,5.0,"Достоинства:Фото, видео просто супер.Комментарий:Супер телефон.95 человек(а) посчитал(и) отзыв полезным"
aab138f7-03ea-4286-ac90-2deeebb6898c,айфончик,09.12.2021,5.0,"Достоинства:После iPhone XR шустрее. Телефон оригинал.Недостатки:Батарейка не прям держит, как и предыдущий телефон.Комментарий:Телефон заказала у Рудашоп, отправили сразу, товар пришёл раньше на 3 дня. Курьер два дня не мог до меня дозвонится, было воскресенье, я доставку не ждала. На следующий день не позвонив заранее он приехал на работу и уехал не дождавшись меня, на третий день заблаговременно позвонив, мол, я еду к вам на работу, я стала его ждать). Как только он подъехал к моей работе его стукнула другая машина, ДТП, виновник пытался скрыться). Но все таки я телефон получила! Доставка огонь, по магазину претензий нет, телефон опломбирован, дефектов не было. И кто будет брать чёрный цвет, готовьтесь, он не чёрный, а синий.78 человек(а) посчитал(и) отзыв полезным"
4bf05a20-0bea-49bc-b285-5b5331cfcd8b,айфончик,19.10.2021,5.0,"Достоинства:Удобный, хороший телефон, советую)75 человек(а) посчитал(и) отзыв полезным"
6a169e73-ee71-4d92-8731-2941f8529acd,айфончик,27.06.2022,1.0,Недостатки:Просто нереально греется. Почему он так греется. Невозможно в руках держать. Даже ещё толком не пользовался. 5-10 минут Ютуба и на нем уже можно жарить яичницу. Отвратный телефон привезли.74 человек(а) посчитал(и) отзыв полезным
c3893551-48ef-40fa-a1aa-45ddea85ad41,айфончик,25.11.2021,5.0,"Недостатки:Алуға тұрарлық, бірақ біздің нарыққа келген бағасына сай келмейді)Комментарий:Дисплейге жарықтық қосқан және камераға, қуатын күшейткен, киноэффект, жарылысын кішірейткен. Зарядтасы 20% болғанда қойыңдар!64 человек(а) посчитал(и) отзыв полезным"
c3627973-8c60-4997-b06f-c63443446939,айфончик,01.05.2024,5.0,"Телефон отличный. Покупал у продавца Great Choice. Все аккуратно упаковано, доставили очень быстро. Долго думал перед покупкой именно айфона, т. к. до этого пользовался только смартфонами на андроиде. Не пожалел. Все настройки очень понятны и логично оформлены. Пользуюсь уже месяц и кайфую. В руке лежит идеально и очень удобно. Скорость работы на высоте. Заряд держит вполне достойно. Переживал, что придет не оригинальный, либо что-то будет с ним не так, но все нормально. Оригинал 100%. Цена. Всем советую. Есть 2 странности: 1. 2. При записи голосового сообщения в ватсап постоянно сама перестает записывать. 2. Во время печати текста, если хочешь что-либо исправить, либо добавить в середине текста. Он не дает встать именно в нужное место текста, он выделяет все слово и предлагает исправить его полностью. Не критично, но как то странно. У кого также пишите, интересно узнать у всех ли такие проблемы. Ну ладно, всем удачи и здоровья друзья. С праздником единства народов.62 человек(а) посчитал(и) отзыв полезным"
58cd2e16-26a4-4c2e-aefc-fb99f0488496,айфончик,16.11.2021,5.0,"Достоинства:Камера.Недостатки:Цена.Комментарий:Покупала мужу, он в восторге. Я не фанатка яблок и не поняла вообще от чего в восторге муж)Курьер, который доставил, просто без слов. Лучший курьер за все время заказов в Кaspi.60 человек(а) посчитал(и) отзыв полезным"
601f64ad-e111-4d5a-989c-86c7cbbafe02,айфончик,21.12.2024,5.0,"Телефон очень красивый, мне понравился! Радует, что привезли раньше указанного срока. И в придачу положили конфеты и чехол! Всем советую продавца IStore-KZ! Доволен своей покупкой.50 человек(а) посчитал(и) отзыв полезным"
90dd09f5-957b-45f9-b9a3-a610667db0ae,айфончик,22.12.2021,5.0,Достоинства:Хороший телефон.Комментарий:Хороший телефон! Эпл молодцы опять заскамили на 450 штук45 человек(а) посчитал(и) отзыв полезным
2a6f1f98-2e9f-485a-936f-4454e85fc116,айфончик,26.11.2023,5.0,"Не знаю, нужно ли вообще что-то говорить про Айфон. Прекрасное устройство, на котором даже элементарные действия доставляют удовольствие. 13-й всё ещё актуален на конец 2023-го, да и на несколько лет вперёд тоже. Батарея для такой скромной ёмкости держит отлично, производительности хватает. Но если средства позволяют - берите Pro Max, лучше только он. Кстати, цвет интересный, он не черный, а тёмно-тёмно синий. Отдельное спасибо магазину Sulpak: быстрое оформление, быстрая доставка, смартфон легальный, предназначенный для ввоза в Казахстан, серийный номер пробивается на сайте Apple, год гарантии от производителя, всё как положе.44 человек(а) посчитал(и) отзыв полезным"
0dcf2995-6b1f-43e1-b88b-7b032e7408d5,айфончик,16.01.2024,1.0,"Телефон бракованный, греется страшно, при фотографировании, при разговоре глючит, но зато магазин не хочет брать на себя ответственность, мой совет не покупайте у onMarket, безответственный.43 человек(а) посчитал(и) отзыв полезным"
8a711cb5-720a-4296-a8f0-a9c769869719,айфончик,02.11.2021,5.0,"Достоинства:Камера роскошная, даже Инстаграм не способен «съесть» это качество 🤌🏻 Сам по себе телефон очень шустрый. Мой первый айфон, поэтому сравнить с предыдущими моделями не могу. Всё устраивает.Недостатки:Быстро разряжается, 10 часов активного использования (ватсап, инста, музыка), хотелось бы побольше.43 человек(а) посчитал(и) отзыв полезным"
5ed4b563-a1a2-4b64-9b6a-950c7d1b32aa,айфончик,26.07.2024,1.0,"Самый ужасный магазин взял братишке в подарок телефон на второй день начал гнать, сказал ошибка, посмотрели, сказали все нормально на второй день, отправили в центр, неделю как там (нет, надо, обменять или же заделать возврат, потому мне телефон который нормально не работает, тоже не надо, я не бесплатно это беру. Продавец вообще звонки не хочет брать, пишем- игнорит, не хочет отвечать когда разговариваешь, бросает телефон. Одним словом не рекомендую брать именно в этот магазин телефон, лучше купите в надежном месте просто так деньги на ветер, не только деньги и нервы.40 человек(а) посчитал(и) отзыв полезным"
137c24be-4ca5-4490-8cbe-e2dd97bd84cb,айфончик,17.06.2022,1.0,"Недостатки:Огорчена покупкой. Сборка Дубайская. Вернуть не получилось, так как активировала телефон.38 человек(а) посчитал(и) отзыв полезным"
549993fb-678f-4a7b-9f41-12520e12d9be,айфончик,31.10.2021,5.0,"Достоинства:Быстрый, мощный, Камера классная.Недостатки:Хотела черный, но он какой-то синий.38 человек(а) посчитал(и) отзыв полезным"
4376dd41-25bd-4e60-876d-eda2434ce786,айфончик,02.01.2024,1.0,Простой сөзим жооқ. ужасный. Ашылған болып келді.37 человек(а) посчитал(и) отзыв полезным
d66bc6d9-c689-476c-9a8f-8427c370da84,айфончик,09.11.2021,5.0,Достоинства:Классный телефон. Камера просто огонь и очень удобный.Недостатки:Нет наушников и адаптера.36 человек(а) посчитал(и) отзыв полезным
a9269f52-e94b-485e-83ea-2e94df7eaaad,айфончик,27.10.2021,5.0,"Достоинства:Отличная камера, живучая батарейка.Недостатки:Не нашли защитное стекло.Комментарий:Супруга в восторге, подарок на ДР.36 человек(а) посчитал(и) отзыв полезным"
a87940bc-e634-45ae-bcac-7095dec76729,айфончик,23.10.2024,1.0,Сатушы жауап бермейді. Тел көтермейді. Жауапсыз техно шоп дүкені. Мүмкін болса бұл дүкенді таңдамаңыздар.35 человек(а) посчитал(и) отзыв полезным
8467586d-11bf-4c07-8586-69582e4ae972,айфончик,29.11.2021,2.0,Сразу лагает телефон.33 человек(а) посчитал(и) отзыв полезным
cdbd9e68-29e7-44e7-aad8-950b1d2eb0d4,айфончик,22.11.2021,4.0,"Достоинства:Камера, аккумулятор телефона, летает.Комментарий:Покупал в Мечте. Оплатил наличкой и ждал свой товар месяц и 4 дня, кормили словами «на следующей неделе».32 человек(а) посчитал(и) отзыв полезным"
fbf55a07-915a-40a9-a1d5-85aa3786fe01,айфончик,10.10.2021,5.0,"Телефон отличный, быстрая доставка.30 человек(а) посчитал(и) отзыв полезным"
599e1179-2660-4ec2-92b0-1b09cf71d80c,айфончик,29.03.2022,1.0,"Недостатки:В комплектации нет наушников, нет адаптера к шнуру от зарядки, нет инструкций.Комментарий:Сегодня получили заказ Айфон 13, какая-то странная комплектация - нет наушников, от зарядки только шнур, без адаптера, нет в коробке ни одной инструкции, очень странно. При такой стоимости наушники следовало вложить. Сам телефон еще не включали, очень хочется надеяться, что без отрицательных сюрпризов.29 человек(а) посчитал(и) отзыв полезным"
1b6c4e31-22a2-44cc-acb5-42750e51db3c,айфончик,25.03.2023,1.0,"Взяла телефон, iphonе 13 через Artis optima. И как выяснилось официальные сервис центры по гарантии этот телефон не обслуживают. Дали соответствующий акт, где указано, что обслуживание по гарантии в РК невозможно из за региональных ограничений на устройство. Т.е. если ваш телефон сломается в течении 12 мес, необходимо обращаться к продавцу, который осуществит ремонт у соответствующего ""сервиса"". Телефон не предназначен для нашего региона. Покупайте телефоны у официального дилера.28 человек(а) посчитал(и) отзыв полезным"
9fcb7a1d-7840-4684-bb4d-ecfed22242e5,айфончик,17.04.2022,1.0,Дорого.28 человек(а) посчитал(и) отзыв полезным
c190fecd-6788-41eb-b73c-dc4e8e7252c6,айфончик,08.12.2021,5.0,Достоинства:Телефонның қуаты тезірек қуатталады. Түсі өте әдемі. Жеткізуі өз уақытынан ерте келді.Комментарий:Ойланбай алып алуға болады.28 человек(а) посчитал(и) отзыв полезным
91a654b1-2820-4607-a7c3-7d8eb19c9533,айфончик,25.04.2024,1.0,"Снова купилась на отзывы. Глючит, виснет постоянно. Временами не слышно, звук пропадает. Пожалела, что приобрела. Не советую.26 человек(а) посчитал(и) отзыв полезным"
04a33a2f-b803-4e9d-af3e-7e1575c39500,айфончик,27.04.2022,3.0,Недостатки:Батарейка быстро садится.26 человек(а) посчитал(и) отзыв полезным
6bc08df1-ffb0-4329-bea6-e3d1aa173468,айфончик,15.04.2022,3.0,"Недостатки:Қатып тұрады, 2 ай ғана болды ұстап жүргеніме.26 человек(а) посчитал(и) отзыв полезным"
92acab26-4ba0-42b7-ac3a-7063ec087a1d,айфончик,10.01.2025,5.0,"Керемет, супер өте қатты ұнады! Белгіленген уақытынан бұрын келді! Чехолға және подаркаға көп көп рахмет!25 человек(а) посчитал(и) отзыв полезным"
cb262b29-9391-4e8b-925d-0c2b66e47b2e,айфончик,22.02.2024,1.0,"Это нормально, что он греется? Здравствуйте. Смущает очень сильно.23 человек(а) посчитал(и) отзыв полезным"
10f8f155-046d-41b2-8bf1-397bf33d534f,айфончик,04.01.2024,5.0,"Қызмет көрсету сапасы керемет.  Тез арада жеткізіп берді.  Енді осы магазинді таңдаймыз деп шештік.  Жігіттерге үлкен рахмет.  Жаңа жылға қызыма сыйлық болатын, қызымның қуанышында шық жоқ.23 человек(а) посчитал(и) отзыв полезным"
c3f17169-8031-48fb-b121-604c124e2a3b,айфончик,21.02.2022,3.0,"Достоинства:Хорошо.Недостатки:EAC нет, жаль.23 человек(а) посчитал(и) отзыв полезным"
e12b5e72-4a1b-4934-bf38-c665b5c76cca,айфончик,26.12.2021,5.0,"Телефон приобрела в Сулпаке, после 7+ Переход на 13.23 человек(а) посчитал(и) отзыв полезным"
54912a64-a0f0-4340-87ea-afd721b4cce4,айфончик,09.12.2021,5.0,"Достоинства:Все шикарно, телефон удобен и быстр в использовании, памяти достаточно лично для меня.Недостатки:Плохо, что блок для зарядки нужно самому за бешеные деньги покупать.23 человек(а) посчитал(и) отзыв полезным"
d14f65b6-fa95-4b1a-a30a-9947c504b8aa,айфончик,02.12.2021,3.0,Зависает иногда.23 человек(а) посчитал(и) отзыв полезным
c091f94a-7b3e-471b-b2eb-98e0660c0add,айфончик,20.12.2024,5.0,Күшті. Жақсы жұмыс жасап жатыр. Доставка дәл уақытылы келді Көп рахмет.21 человек(а) посчитал(и) отзыв полезным
8b5133a5-5b91-4fd5-88e5-672ee2c6d620,айфончик,28.06.2024,5.0,"Товар пришел в целости и сохранности. Качество на высоте. Все функции работают исправно, и внешний вид полностью соответствует описанию. Единственный минус – это долгая доставка. В остальном покупкой доволен, рекомендую!21 человек(а) посчитал(и) отзыв полезным"
caf50007-0dec-45f8-aa41-8f554312b14a,айфончик,06.12.2023,1.0,"С телефоном все в порядке, но продавца EuroTech не рекомендую. Сначала задержал заказ на несколько дней, позвонила, говорит мол ну чёрные телефоны закончились, можем отправить только синий или зелёный. Спрашиваем, а зачем заказ приняли, он говорит не рассчитал. Спрашиваю когда поставка будет, говорит не знает. Я уже расстроилась, хотела именно чёрный. Пришлось поругаться, сразу и телефон чёрный нашелся и отправить сегодня могут. В общем, пытались видимо сплавить непродаваемые цвета. С самим телефоном проблем нет, но продавца выбирайте другого!21 человек(а) посчитал(и) отзыв полезным"
15f34f48-2a6b-4b3c-90ed-e64f8dfda721,айфончик,10.07.2022,3.0,"Недостатки:Пришел темно-синий. Apple, как всегда экономит на блоке зарядного.Комментарий:Телефон достойный, еще бы цену скинуть)21 человек(а) посчитал(и) отзыв полезным"
5336259b-6a9a-4b50-a2b1-d8a892a672a8,айфончик,24.10.2021,5.0,Достоинства:Хороший товар.Комментарий:Быстро доставили спасибо.21 человек(а) посчитал(и) отзыв полезным
b894f017-7d71-417e-b648-f9a5af048903,айфончик,10.12.2023,5.0,"Уже не раз покупаю технику apple. Этот телефон купил как дополнительный. Всё устраивает. Если сравнивать с pro версией, то у обычного 13 есть большой плюс - автономность. Батарею держит гораздо дольше. Да и в 2023 году, за 320 тыс лучше телефона просто не возьмете. Так что берите, не пожалеете!20 человек(а) посчитал(и) отзыв полезным"
0e27236c-07d7-4d10-bd83-169c4a3ce4c5,айфончик,11.01.2025,5.0,Келді алдым уақытынла келді көп рахмет Каспи ге барлықтарына ойлағанымнан да керемет болды.19 человек(а) посчитал(и) отзыв полезным
bd75d571-11ca-4702-97d1-ff384cfe3e63,айфончик,16.12.2023,5.0,"Первый мой телефон с этим значком, были разные, но этот интересный, отличается от всей кучи других недостатков, не много, но есть надеялся на камеру, но что-то не впечатлила, лучше чем у остальн. В принципе доволен. Приятно лежит в руке, вес.19 человек(а) посчитал(и) отзыв полезным"
2f3db4f4-1b1a-4a14-940f-ab2ad80f14ef,айфончик,28.10.2022,1.0,"Недостатки:Не знаю почему, через некоторое время становится панель горячим.19 человек(а) посчитал(и) отзыв полезным"
48df84fe-470a-491e-8dbe-f455bd6414fa,айфончик,01.08.2022,1.0,"Недостатки:Перенагревается, особенно когда заряжаю. Не стоит своей цены.19 человек(а) посчитал(и) отзыв полезным"
fb5d1f4f-6c69-4f88-8d5e-7880466b1070,айфончик,26.12.2021,5.0,"Достоинства:Быстро привыкаешь после андроидов и обратно уже не хочется. Совет: берите в магазинах с сертификатом от Аpple, это защитит вас от покупки «серых» айфонов.Недостатки:После андроида тяжело персонализировать под себя.19 человек(а) посчитал(и) отзыв полезным"
0c45eeb1-da27-4df8-b23b-8aa97f79b0e4,айфончик,09.10.2024,1.0,"Телефон лагает иногда не работает, заменить можно?18 человек(а) посчитал(и) отзыв полезным"
a2302f0a-25f0-4d9b-b324-1d467ffbfb59,айфончик,30.10.2023,5.0,"Айфон жақсы шықты ұнады.    Өзің звандап тауар келдіма деп сұрастырып отыру керек екен, келседе код жібермей отырады екен, сол жағы ұнамады. Қазақстанда тұрып қазақша ақпарат ала алмайсын бәрі орысша сол жағы қынжылтады екен адамды.  Қазақша білетін азаматтарды  жұмысқа алсаңыздар керемет болар еді.18 человек(а) посчитал(и) отзыв полезным"
6b0c5c7c-6b5d-42dc-9525-92df79cd0569,айфончик,04.06.2023,3.0,"Достоинства:Телефон стильный, очень много аккумуляторов.Недостатки:Батарея так себе. Фронтальная камера при хорошем освещении 8/10, при плохом освещении тянет на 4 /10. Основная камера при хорошем освещении делает очень хорошие фотографии, но при плохом освещении тянет на 8/10. Модуль камеры который отвечает за видеосъемку при уловит, что в настройках выставлены такие параметры как 4к и 60 кадром снимает отлично при любом освещении тут я ее оценю на 10/10. Возможно надо копаться в настройках камеры.Комментарий:Это мой первый телефон от такой компании как apple. Прошло всего 2 недели после покупки iPhone 13 пока еще трудновато делать окончательные выводы по данному смартфону но могу рассказать о первых впечатлениях. Внешне телефон очень красивый и стильный, тут я поспорить не могу, что касается различных аксессуаров то тут все просто и шикарно, чехол на данный телефон можно купить практически на каждом шагу и тут большой плюс.У меня были моменты когда я покупал новый телефон на android и даже в самом магазине где я его приобретал были проблемы с чехлами и защитными стеклами (смартфоны от Samsung исключение). Что касается комплектации телефона то тут все очень печально, провод, телефон и куча бумажек. Мне кажется, что за такую цену блок питания обязан входит в комплектацию.Теперь касательно системы iOS. Вся система выглядит очень приятно и красиво, вопросов к ней нет. Но есть моменты по управлению и вот парочка примеров с чем я столкнулся при переходу с android на iOS:1) у меня 2 симки, одна из них рабочая, а одна для личного использования. На двоих симках у меня подключены тарифы с интернетом и я периодически переключаю мобильные данные с одной симки на другую, если на android систему это можно сделать в одни клик, то в случае с iOS мне приходится заходить в настройки телефона, затем нажать кнопку «стоя связь», перейти в «сотовые данные» и там уже выбрать с какой симки я хочу пользоваться интернетом.Конечно в iPhone есть такая функция как «автоматическое переключение сотовых данных» в зависимости от состояния сети, но батарею жрет хорошо данная функция.2) бывают моменты когда мне звонят одновременно 2 человека и на аркане появляется огромное количество кнопок с различными возможностями, глядя на которые глаза разъезжаются в разные стороны (на android намного проще это реализовано) и таких моментов очень много к которым надо привыкнуть тем кто переходить с android на iOS.Магазину Colibri, где я покупал данный телефон, большой плюс за обслуживание и быструю доставку.18 человек(а) посчитал(и) отзыв полезным"
2614d84b-7c21-49e8-928b-3e05bc2192a8,айфончик,07.09.2024,1.0,"Қатып қалып жатыр, тез қызып кетеді, компанияға звандасам алмайды.17 человек(а) посчитал(и) отзыв полезным"
3e950315-8df3-4809-a61a-2b2230a74c3a,айфончик,19.12.2023,3.0,"Барлығы жақсы, телефон оригинал, тексерттім. Подаркаға чехол бергенде жақсы болушы еді. Time technology. Зарядканың басы жоқ, оны бөлек алдым. Доставка кешке 9дарда келді. Гарантия бар, сонысы жақсы. Камера жақсы.17 человек(а) посчитал(и) отзыв полезным"
2de2f91d-e69f-4f06-8474-37b65f1c4257,айфончик,08.03.2023,3.0,"Недостатки:Ничего особенного в нем нет от слова совсем! Экран тупой, подвисает, фото стремные. Перешла с Самсунг s10, айфон даже близко по качеству фото не стоит, фото серые, макросъёмки нет. Приложения из 100, 80% платные. Разочарована очень!17 человек(а) посчитал(и) отзыв полезным"
ad803545-c256-4b5e-aab9-43c92827d997,айфончик,14.06.2022,5.0,"Достоинства:Классный, удобный.Недостатки:Все просят сфоткать.Комментарий:Спасибо магазину, очень быстро отправили и быстро пришел! Процветания вам.17 человек(а) посчитал(и) отзыв полезным"
20ed7366-1599-4a02-b2b6-125fe4e82dad,айфончик,22.08.2022,1.0,"Недостатки:Зарядкасы тез бітіп қалады, алуға тұрмайды.16 человек(а) посчитал(и) отзыв полезным"
66a6194e-3ee9-4cc2-9353-ac3754394a99,айфончик,15.03.2022,5.0,Достоинства:Айфон есть айфон. Ликвидный как тойота.Недостатки:Из недостатков айфона всегда была цена.Комментарий:Доставили в срок.16 человек(а) посчитал(и) отзыв полезным
fc908129-4f1f-4948-a97a-eb612e660f76,айфончик,10.11.2021,5.0,"Купил жене, жена очень довольна.16 человек(а) посчитал(и) отзыв полезным"
f03ceb07-ac4b-4299-a1b4-637e980612eb,айфончик,25.10.2021,5.0,"Классный телефон, советую многим.16 человек(а) посчитал(и) отзыв полезным"
c76628b8-d64f-4db6-bf18-0873f98d8bfc,айфончик,15.11.2024,1.0,Телефон састаниясы жақсы. Бірәқ телефон паленбай ақша алған соң. Ішінде чехол. Ламинат. Зариядка деген дүние қосса боладығой. Тағыда расхот жасаймыз.15 человек(а) посчитал(и) отзыв полезным
d9ef69d3-cd21-4f3c-b048-0fece191454a,айфончик,28.10.2024,1.0,Каробкасы оте ескі кір болып келді. Без упаковочной клеенки болды. Зарядкасы жылдам отырады және телефон өте қатты ысып кетеді. Көңілім мүлдем толмады.15 человек(а) посчитал(и) отзыв полезным
2e7c6ef8-1b36-471c-ab37-cede21eceb2e,айфончик,05.05.2024,3.0,Алғасын технодом или сондай магазиндерден алған дұрыс екен. Новый айфон тормозит.15 человек(а) посчитал(и) отзыв полезным
27806ca6-740f-46dd-8a45-2a94ea6b9256,айфончик,05.02.2022,2.0,Достоинства:Нормальный телефон.Недостатки:Нет зарядки.15 человек(а) посчитал(и) отзыв полезным
436b32ed-b2fd-49d3-89aa-732e889f2533,айфончик,12.01.2022,5.0,Жене сделал подарок на Новый год.15 человек(а) посчитал(и) отзыв полезным
e54626cf-c500-4b1a-ae7d-92e7a18f36f8,айфончик,05.05.2024,1.0,Прошел месяц и айфон отключился и теперь не включается.14 человек(а) посчитал(и) отзыв полезным
2a4bbdca-be4e-4dad-abdd-b72cdf9fd4db,айфончик,07.05.2022,5.0,"Достоинства:Шустрый, камера огонь, звук тоже радует, плавности у айфонов не отнять.Комментарий:Пользовался до этого iPhone XS. По размерам он чуть меньше 13. Для тех кто не хочет себе «лопату», советую брать именно 13 версию. А кто любит телефоны побольше берите версию Pro. Из минусов только то, что люди которые окружают тебя просят сфоткать и ты становишься для них бесплатным фотографом.14 человек(а) посчитал(и) отзыв полезным"
056e71a8-4d58-463d-98db-ed7a08292dad,айфончик,08.11.2024,1.0,"Если вы хоть раз в руках держали самый дешевый сиаоми, то забудьте об почти всех удобных функциях, хорошем аккумуляторе, скорости использования, легкости, удобном корпусе потому что я будто а 2010 вернулся по функционалу и неудобству.13 человек(а) посчитал(и) отзыв полезным"
a674dd29-7489-4c1a-b596-8c4821f76e5f,айфончик,04.10.2024,2.0,"До этого всегда держал Самсунг Хуавей орро было отлично купил сегодня айфон 13 капец сеть не ловит там, где те ловили, программа не работает, некоторые элементарно ватсап приложение, где на старых смартфонах режим переключение на другом аккаунт работал, а тут нет и не могу понять почему сеть плохо ловит, место положения название не выходит большой город показывает. В общем не такая хорошая как оппо или Самсунг хуавей и за такую сумму можно было купить мощную модель из тех смартфонов13 человек(а) посчитал(и) отзыв полезным"
19b1a18d-df17-4e28-8d78-69e67bdbf442,айфончик,04.12.2023,5.0,"Отличный смартфон, прекрасный звук и чистое изображение, все классно.13 человек(а) посчитал(и) отзыв полезным"
826f43a6-6bec-45ea-a503-d5f23027bb8c,айфончик,22.10.2021,5.0,Достоинства:А15 bionic летает!)Комментарий:Обслужили очень оперативно.13 человек(а) посчитал(и) отзыв полезным
0a161a23-de21-4c32-ac69-f59deed34b10,айфончик,12.02.2025,1.0,"Алғаныма 1 ай болды, сапасы ужас. Су жаңа смартфон қатып қала береді, жаль.12 человек(а) посчитал(и) отзыв полезным"
26b85bc8-f0a7-4037-9a34-ce6acfcf8621,айфончик,13.07.2024,1.0,Айфон жайфон.12 человек(а) посчитал(и) отзыв полезным
fb0e2023-6e12-4f1b-9220-7d07ded5b016,айфончик,15.02.2024,3.0,"Телефон в хорошем состояние, но шнур отвратительный, не заряжает, качество шнура.12 человек(а) посчитал(и) отзыв полезным"
d10bd5bd-53ea-41b7-8568-9b0a517638bd,айфончик,30.11.2023,1.0,"Телефон глючит постоянно, звука не слышно при звонке.12 человек(а) посчитал(и) отзыв полезным"
52c3e3e1-f69d-41e7-9018-0da808ab1585,айфончик,16.10.2022,5.0,Недостатки:Дүниеге құмар болып кетуің мүмкін.12 человек(а) посчитал(и) отзыв полезным
87c91bf9-a7c4-4a07-9f52-d0aa601951cc,айфончик,05.10.2022,5.0,"Достоинства:Дизайн. Чувствительность сенсора. Простота и понятность в платформе. Удобно лежит в руке. Отлично ловит в недоступных для связи местах. Надолго хватает заряда аккумулятора. Громкий звук. Яркий экран. Доступность в расходниках и допах к девайсу.Недостатки:Стоимость. Не входят в комплект наушники и блок питания зарядки.Комментарий:Ну что я могу сказать про Apple iPhone 13, только буря положительных эмоций и много счастья от полученного девайса, советовать такой смартфон всем не вижу смысла, так как все итак прекрасно знают и понимают, что такое iPhone. Так что заслуженные 5 звёзд железно.12 человек(а) посчитал(и) отзыв полезным"
8053e27b-5f5a-4580-96f6-b5cb905d0730,айфончик,02.03.2025,3.0,Қара түсін таңдадық ал бізге көк түсін берді! Қара түсінің ақшасы көптеу көктікі аздау болды арасында 20-30К ойнап тұр! Көк түсін алсақта қара түстегі айфонның ақшасын төлеп отырмыз әділетсіздік!.11 человек(а) посчитал(и) отзыв полезным
73568d94-df70-4376-9986-bf5e32caffc7,айфончик,29.12.2024,2.0,"Телефон начал глючить через неделю, постоянно выходит, нет симки. Никак не могу дозвониться в Технодом по номеру 1717.11 человек(а) посчитал(и) отзыв полезным"
5e4428a2-ea22-4895-b563-8ece27667dec,айфончик,23.12.2024,5.0,Отличный смартфон! Доставили даже раньше срока. Спасибо магазин ProUnit.11 человек(а) посчитал(и) отзыв полезным
66b12b2e-9162-4f59-9388-d668e00ef726,айфончик,21.12.2024,5.0,"Благодарю за оперативную доставку, это был подарок мужу, все понравилось. Спасибо Сулпак.11 человек(а) посчитал(и) отзыв полезным"
0e9333fd-2804-4204-b50b-d365d1707115,айфончик,19.09.2024,3.0,"Тауар келуі, қаптамасы, жұмыс жасауы жақсы. Бірақ телефон қуаты ұзақ уақытқа шыдамайды. Мен негізі сыйлық ретінде алған едім.11 человек(а) посчитал(и) отзыв полезным"
b4793f94-4366-4ab1-8f8c-fc8d8161fac5,айфончик,27.02.2024,1.0,"Плюс только что доставка день в день, но цвет отвратительный на черный и не похож. Я разочарована.11 человек(а) посчитал(и) отзыв полезным"
39f5fc7b-18b0-4e20-988c-d3e45f0407b8,айфончик,17.07.2023,5.0,"Достоинства:Барлық жағынан жақсы!Комментарий:Айфон алғашқы ұстауым, алдын 5с 64 гига ұстағам, одан кейін 7 жыл болды Айфон ұстамағалы. 1 шілдеде уақытылы келді екі апта болды тексеруден өткізіп жатқаныма, ешқандай ақаулық табылмады, сапасы да өте жоғары, Айфон 14 пен көшірме десем де болады. Самсунгтан кейін көзім ашылғандай болды, дисплей сапасы өте зор, тынық, әрі тез істейді, чат жазған кезде вибросы бар жазғың келе береді, колонкасы стерео, батареясы 1 тәуліктен аса жетеді қолданғанның өзінде. Жеткізушіге және сатушыға рақметімді айтамын!11 человек(а) посчитал(и) отзыв полезным"
f1a478a3-e713-4581-b0a6-b3cea472f762,айфончик,24.12.2021,5.0,"Спасибо магазину! Продавец Ербол вежливый, все объяснил. Покупкой довольна, Айфон 13. Доставка быстрая.11 человек(а) посчитал(и) отзыв полезным"
5aec8dd7-e533-449a-bdff-2db25cacec87,айфончик,08.12.2021,4.0,Недостатки:Отсутствует зарядка и наушники.Комментарий:Айфон он и в Африке айфон.11 человек(а) посчитал(и) отзыв полезным
63e82746-2adf-46f9-9b21-7782709a3c46,айфончик,26.10.2021,5.0,"Достоинства:Удобный. Слишком красивый. Телефон неплохой, смотрится элегантно, берите)11 человек(а) посчитал(и) отзыв полезным"
8eec4175-e322-4231-9b23-2b5c2810c440,айфончик,25.10.2021,5.0,"Өте жақсы, үлкен рахмет. Тез келді.11 человек(а) посчитал(и) отзыв полезным"
9d70a6d0-be9e-482d-9f9c-1b986883b7e5,айфончик,12.12.2024,2.0,"Новый телефон, но лагает ужасно. Берите лучше Самсунг.10 человек(а) посчитал(и) отзыв полезным"
2f825275-d1c2-449f-a29f-09b57d4c954e,айфончик,07.11.2023,1.0,"Обслуживание ужасное, с доставкой опоздали на сутки, планировали ребенку на день рождения подарить и заказали день в день. В итоге все испортили. На звонки не отвечали, а когда ответили, сказали что не обещают доставить сегодня. У самих ведь указано время доставки и цвет телефона, потом как оказалось и цвета этого нет в наличии и доставки нет обещанной. Не советую этого продавца!10 человек(а) посчитал(и) отзыв полезным"
25758d69-08e5-4b3f-9773-cdad151ab72d,айфончик,31.07.2022,3.0,"Достоинства:Хорошая батарейка и камера просто класс, без вопросов.Недостатки:Нет зарядки, чехлы и наушники жалко покупать, только телефон.10 человек(а) посчитал(и) отзыв полезным"
6da091c6-c849-4a12-973e-3f0d84327a5b,айфончик,15.03.2022,5.0,"Достоинства:Красивый, уверенно и приятно лежит в руке, шустрый, слаженно работает.Комментарий:Перехожу с андроид системы, надеюсь, все будет хорошо, так как давно хотела айфон.10 человек(а) посчитал(и) отзыв полезным"
419a88b7-1093-4300-ad00-368ee9e3f9bf,айфончик,12.03.2025,5.0,"Ұлыма сыйлыққа алғанмын, ұнады, курьерге рақмет, уақытынан бұрын жақсы.9 человек(а) посчитал(и) отзыв полезным"
f29f54cf-8494-40f8-937e-897914a71ca2,айфончик,12.03.2025,5.0,"Неплохой телефон, игры тянет, сильно не греется. Из данного ценового сегмента, идеальный вариант!9 человек(а) посчитал(и) отзыв полезным"
